Channel,MerchantId,MerchantName,MerchantLink
"Blibli","ADO-70022","Advance Official Store","https://www.blibli.com/merchant/advance-official-store/ADO-70022"
"Blibli","AEB-70011","AERIS BEAUTE Official Store","https://www.blibli.com/merchant/aeris-beaute-official-store/AEB-70011"
"Blibli","ALF-70298","Alchemist Fragrance","https://www.blibli.com/merchant/alchemist-fragrance/ALF-70298"
"Blibli","ANO-60059","Anessa Official Store","https://www.blibli.com/merchant/anessa-official-store/ANO-60059"
"Blibli","AND-37218","Anker Indonesia Official Store","https://www.blibli.com/merchant/anker-indonesia-official-store/AND-37218"
"Blibli","ARG-70093","Ariston Global Official Store","https://www.blibli.com/merchant/ariston-global-official-store/ARG-70093"
"Blibli","ARI-60043","Ariston Water Heater Official Store","https://www.blibli.com/merchant/ariston-water-heater-official-store/ARI-60043"
"Blibli","ARP-70390","Artisan Pro Official Store","https://www.blibli.com/merchant/artisan-pro-official-store/ARP-70390"
"Blibli","ASO-60035","Asus (Smartphone)","https://www.blibli.com/merchant/asus-smartphone/ASO-60035?pickupPointCode=PP-3100851"
"Blibli","AVS-60030","AVOSKIN BEAUTY JAKARTA   Official Store","https://www.blibli.com/merchant/avoskin-beauty-jakarta-official-store/AVS-60030"
"Blibli","PTA-60103","Babyliss Official Store","https://www.blibli.com/merchant/babyliss-official-store/PTA-60103"
"Blibli","BAO-70284","barenbliss Official Store","https://www.blibli.com/merchant/barenbliss-official-store/BAO-70284"
"Blibli","BEO-70166","Beeme Official Store","https://www.blibli.com/merchant/beeme-official-store/BEO-70166"
"Blibli","BEO-70237","Bervin Official Store","https://www.blibli.com/merchant/bervin-official-store/BEO-70237"
"Blibli","BIS-60143","Bioderma Official Store","https://www.blibli.com/merchant/bioderma-official-store/BIS-60143"
"Blibli","BID-70072","Biotalk.id Official Store","https://www.blibli.com/merchant/biotalk-id-official-store/BID-70072"
"Blibli","KAE-60027","Blackmores Official Store","https://www.blibli.com/merchant/blackmores-official-store/KAE-60027?pickupPointCode=PP-3525247"
"Blibli","APF-70017","Blibli - Apple Authorized Reseller Flagship Store",""
"Blibli","BLP-60045","Blibli.com","https://www.blibli.com/merchant/blibli-official-store-ponsel/BLP-60045"
"Blibli","BLP-60041","Blibli.com","https://www.blibli.com/merchant/samsung-official-store/BLP-60041"
"Blibli","BLA-60054","Blibli.com","https://www.blibli.com/merchant/blibli-official-store-appliances/BLA-60054"
"Blibli","BLH-15012","Blibli.com","https://www.blibli.com/merchant/blibli-com-handphone/BLH-15012"
"Blibli","BLP-70112","BLP Official Store","https://www.blibli.com/merchant/blp-official-store/BLP-70112"
"Blibli","PTM-60075","BOLDe","https://www.blibli.com/merchant/bolde/PTM-60075"
"Blibli","BRO-70056","Brasov Official Store","https://www.blibli.com/merchant/brasov-official-store/BRO-70056"
"Blibli","BRB-70001","BREYLEE INDONESIA Official Store","https://www.blibli.com/merchant/breylee-indonesia-official-store/BRB-70001"
"Blibli","BRP-70118","Bromen.id Official Store","https://www.blibli.com/merchant/bromen-id-official-store/BRP-70118"
"Blibli","CAO-70106","CAVE Official Shop","https://www.blibli.com/merchant/cave-official-shop/CAO-70106"
"Blibli","CHO-70132","CHIEF STORE Official Store","https://www.blibli.com/merchant/chief-store-official-store/CHO-70132"
"Blibli","COD-12092","Corine de Farme Official Store","https://www.blibli.com/merchant/corine-de-farme-official-store/COD-12092"
"Blibli","COE-60028","COSMOS Official Store","https://www.blibli.com/merchant/cosmos-official-store/COE-60028"
"Blibli","CVS-70137","CV SAMI JAYA FBB Official Store","https://www.blibli.com/merchant/cv-sami-jaya-fbb-official-store/CVS-70137"
"Blibli","CVS-60072","CV. SAMI JAYA Official Store","https://www.blibli.com/merchant/cv-sami-jaya-official-store/CVS-60072"
"Blibli","DAG-70041","Daeng Gi Meo Ri Official Store","https://www.blibli.com/merchant/daeng-gi-meo-ri-official-store/DAG-70041"
"Blibli","DAA-70193","Daikin AC & Air Quality Official Store","https://www.blibli.com/merchant/daikin-ac-air-quality-official-store/DAA-70193"
"Blibli","DAO-60068","Dancoly Official Store","https://www.blibli.com/merchant/dancoly-official-store/DAO-60068"
"Blibli","DAM-70187","DAZZLE ME Official Store","https://www.blibli.com/merchant/dazzle-me-official-store/DAM-70187"
"Blibli","DEM-70108","Dear Me Beauty Official Store","https://www.blibli.com/merchant/dear-me-beauty-official-store/DEM-70108"
"Blibli","DEE-60073","Departemen Elektronik Official Store","https://www.blibli.com/merchant/departemen-elektronik-official-store/DEE-60073"
"Blibli","KOO-60046","Dorahomi Official Store","https://www.blibli.com/merchant/dorahomi-official-store/KOO-60046"
"Blibli","ECI-60022","Ecohome Indonesia Official Store","https://www.blibli.com/merchant/ecohome-indonesia-official-store/ECI-60022"
"Blibli","EIG-70003","Eileen Grace Official Store","https://www.blibli.com/merchant/eileen-grace-official-store/EIG-70003"
"Blibli","ELB-70095","Electrolux by Blibli Flagship Store","https://www.blibli.com/merchant/electrolux-by-blibli-flagship-store/ELB-70095"
"Blibli","ELS-70311","Ella Skincare Official Store","https://www.blibli.com/merchant/ella-skincare-official-store/ELS-70311"
"Blibli","ERS-60058","ERHA Skincare Official Store","https://www.blibli.com/merchant/erha-skincare-official-store/ERS-60058"
"Blibli","GAO-70084","Gaabor Official Store","https://www.blibli.com/merchant/gaabor-official-store/GAO-70084"
"Blibli","GLI-60022","GLAMPALM INDONESIA Official Store","https://www.blibli.com/merchant/glampalm-indonesia-official-store/GLI-60022"
"Blibli","GOH-60033","Goto Living","https://www.blibli.com/merchant/goto-living-official-store/GOH-60033"
"Blibli","GRG-70091","Grace and Glow Official Store","https://www.blibli.com/merchant/grace-and-glow-official-store/GRG-70091"
"Blibli","DEG-70070","gree jakarta official store","https://www.blibli.com/merchant/gree-jakarta-official-store/DEG-70070"
"Blibli","PTG-24934","Gree Official Store","https://www.blibli.com/merchant/gree-official-store/PTG-24934"
"Blibli","HIO-70064","HITACHI Official Store",""
"Blibli","HMO-70007","HMNS Official Store","https://www.blibli.com/merchant/hmns-official-store/HMO-70007?pickupPointCode=PP-3530239&fbbActivated=true"
"Blibli","HOH-60024","Holika Holika Indonesia","https://www.blibli.com/merchant/holika-holika-indonesia-official-store/HOH-60024"
"Blibli","IMO-70030","Implora Official Store","https://www.blibli.com/merchant/implora-official-store/IMO-70030"
"Blibli","INC-28157","Indoganic Official Store","https://www.blibli.com/merchant/indoganic-official-store/INC-28157"
"Blibli","INC-70176","inez cosmetics Official Store","https://www.blibli.com/merchant/inez-cosmetics-official-store/INC-70176"
"Blibli","INO-60069","Infinix Authorized Official Store","https://www.blibli.com/merchant/infinix-authorized-official-store/INO-60069?_branch_match_id=1242258736294847751&utm_source=Web&utm_campaign=Merchant%20Share&utm_medium=Share&_branch_referrer=H4sIAAAAAAAAA8soKSkottLXT8rJBCK9xIICvZzMvGz95AxnD9cUM39HlyQAYzQ%2FsyMAAAA%3D&pickupPointCode=PP-3083606"
"Blibli","INO-70018","INGLOT  Official Store","https://www.blibli.com/merchant/inglot-official-store/INO-70018"
"Blibli","ITO-70015","Itel Store","https://www.blibli.com/merchant/itel-store/ITO-70015?_branch_match_id=1242258736294847751&utm_source=Web&utm_campaign=Merchant+Share&utm_medium=Share&_branch_referrer=H4sIAAAAAAAAA8soKSkottLXT8rJBCK9xIICvZzMvGz94rwkl1BPxzRnlyQAY4FSmyMAAAA=&pickupPointCode=PP-3466949"
"Blibli","JAT-60025","Jaco Tv Shopping Official Store","https://www.blibli.com/merchant/jaco-tv-shopping-official-store/JAT-60025"
"Blibli","JJO-60022","Johnson & Johnson Official Store","https://www.blibli.com/merchant/johnson-johnson-official-store/JJO-60022"
"Blibli","JOB-60035","Joylab Beauty Official Store","https://www.blibli.com/merchant/joylab-beauty-official-store/JOB-60035"
"Blibli","KAK-25212","KAO Personal Care Official Store","https://www.blibli.com/merchant/kao-personal-care-official-store/KAK-25212"
"Blibli","KEO-70137","Kelaya Store Official Store","https://www.blibli.com/merchant/kelaya-store-official-store/KEO-70137"
"Blibli","KII-60038","Kirin Indonesia Official Store","https://www.blibli.com/merchant/kirin-indonesia-official-store/KII-60038"
"Blibli","KIT-10831","KitchenAid Official Store","https://www.blibli.com/merchant/kitchenaid-official-store/KIT-10831"
"Blibli","KOS-60058","korindo Official Store","https://www.blibli.com/merchant/korindo-official-store/KOS-60058"
"Blibli","KOE-60035","KOSE  Official Store","https://www.blibli.com/merchant/kose-official-store/KOE-60035"
"Blibli","KUI-60037","Kurumi Indonesia Official Store","https://www.blibli.com/merchant/kurumi-indonesia-official-store/KUI-60037"
"Blibli","LOO-60047","L’occitane Official Store","https://www.blibli.com/merchant/l-occitane-official-store/LOO-60047"
"Blibli","LOO-60031","L'Oreal  Official Store","https://www.blibli.com/merchant/l-oreal-official-store/LOO-60031"
"Blibli","LAI-60062","La'dor Indonesia Official Store","https://www.blibli.com/merchant/la-dor-indonesia-official-store/LAI-60062"
"Blibli","LAI-70118","LAIFEN INDONESIA Official Store","https://www.blibli.com/merchant/laifen-indonesia-official-store/LAI-70118"
"Blibli","LAS-70410","lavojoy Official Store","https://www.blibli.com/merchant/lavojoy-official-store/LAS-70410"
"Blibli","LIE-70185","Lilith & Eve Official Store","https://www.blibli.com/merchant/lilith-eve-official-store/LIE-70185"
"Blibli","LUS-70168","Lumecolors Official Store","https://www.blibli.com/merchant/lumecolors-official-store/LUS-70168"
"Blibli","MAF-60063","Mad for Makeup","https://www.blibli.com/merchant/mad-for-makeup/MAF-60063"
"Blibli","BLM-60040","Mandom","https://www.blibli.com/merchant/mandom-official-store/BLM-60040"
"Blibli","MAN-60077","Mane 'n Tail Official Store","https://www.blibli.com/merchant/mane-n-tail-official-store/MAN-60077"
"Blibli","MAW-60053","Marshwillow Official Store","https://www.blibli.com/merchant/marshwillow-official-store/MAW-60053"
"Blibli","MAT-60050","Martha Tilaar Official Store","https://www.blibli.com/merchant/martha-tilaar-official-store/MAT-60050"
"Blibli","MAI-70309","Masil Indonesia Official Store","https://www.blibli.com/merchant/masil-indonesia-official-store/MAI-70309"
"Blibli","MAO-70036","Maspion","https://www.blibli.com/merchant/maspion/MAO-70036"
"Blibli","MEE-57629","Metron Elektronika","https://www.blibli.com/merchant/metron-elektronika/MEE-57629"
"Blibli","MIE-27981","MIAMI ELEKTRONIK Official Store","https://www.blibli.com/merchant/miami-elektronik-official-store/MIE-27981"
"Blibli","MII-70046","Midea Indonesia Official Store","https://www.blibli.com/merchant/midea-indonesia-official-store/MII-70046"
"Blibli","MII-70090","MISSHA INDONESIA Official Store","https://www.blibli.com/merchant/missha-indonesia-official-store/MII-70090"
"Blibli","MIE-60037","MITO Electronic Store","https://www.blibli.com/merchant/mito-electronic-store/MIE-60037"
"Blibli","MIH-60044","Mitsubishi Heavy Industries Official Store","https://www.blibli.com/merchant/mitsubishi-heavy-industries-official-store/MIH-60044"
"Blibli","BLO-60030","Miyako Rinnai Shimizu by Blibli","https://www.blibli.com/merchant/miyako-rinnai-shimizu-by-blibli/BLO-60030"
"Blibli","MIO-70151","Mizzu Official Store","https://www.blibli.com/merchant/mizzu-official-store/MIO-70151"
"Blibli","MSG-70136","MS Glow Indonesia Official Store","https://www.blibli.com/merchant/ms-glow-indonesia-official-store/MSG-70136"
"Blibli","NAO-60081","Nacific Official Store","https://www.blibli.com/merchant/nacific-official-store/NAO-60081"
"Blibli","NAB-60069","Nama Beauty Official Store","https://www.blibli.com/merchant/nama-beauty-official-store/NAB-60069"
"Blibli","NAT-22987","Nankai Tools  Official Store","https://www.blibli.com/merchant/nankai-tools-official-store/NAT-22987"
"Blibli","BEI-26898","Natur Official Store","https://www.blibli.com/merchant/natur-official-store/BEI-26898"
"Blibli","NAR-60027","Nature Republic Official Store","https://www.blibli.com/merchant/nature-republic-official-store/NAR-60027"
"Blibli","NEO-70035","NEOZEN Official Store","https://www.blibli.com/merchant/neozen-official-store/NEO-70035"
"Blibli","NED-70068","Nescafe Dolce Gusto Official Store","https://www.blibli.com/merchant/nescafe-dolce-gusto-official-store/NED-70068"
"Blibli","NOI-70001","Notale Indonesia","https://www.blibli.com/merchant/notale-indonesia/NOI-70001"
"Blibli","NPO-70004","Npure Official Store","https://www.blibli.com/merchant/npure-official-store/NPO-70004"
"Blibli","OSS-60032","O'Sweet Singapore Official Store","https://www.blibli.com/merchant/o-sweet-singapore-official-store/OSS-60032"
"Blibli","OEH-70004","Oemah Herborist  Official Store","https://www.blibli.com/merchant/oemah-herborist-official-store/OEH-70004"
"Blibli","ONI-70032","Ona Indonesia Official Store","https://www.blibli.com/merchant/ona-indonesia-official-store/ONI-70032"
"Blibli","OXO-70002","Oxynic Official Store","https://www.blibli.com/merchant/oxynic-official-store/OXO-70002"
"Blibli","BLO-60029","Philips Official Store","https://www.blibli.com/merchant/philips-official-store/BLO-60029"
"Blibli","PHP-70011","Philips Personal Care Official Store","https://www.blibli.com/merchant/philips-personal-care-official-store/PHP-70011"
"Blibli","PHW-70001","Philips Water Official Store",""
"Blibli","POS-70154","Polytron Official Store by Blibli","https://www.blibli.com/merchant/polytron-official-store-by-blibli/POS-70154"
"Blibli","POO-60058","PONDS Official Store","https://www.blibli.com/merchant/ponds-official-store/POO-60058"
"Blibli","PRO-60052","Prodigo Official Store","https://www.blibli.com/merchant/prodigo-official-store/PRO-60052"
"Blibli","PUO-70107","Purbasari Official Store","https://www.blibli.com/merchant/purbasari-official-store/PUO-70107"
"Blibli","PUV-70005","Purityfic Vitamin","https://www.blibli.com/merchant/purityfic-vitamin/PUV-70005?pickupPointCode=ALL_LOCATIONS"
"Blibli","QUH-60029","Quantum Home Appliances Official Store","https://www.blibli.com/merchant/quantum-home-appliances-official-store/QUH-60029"
"Blibli","REO-60043","realme (Smartphone)","https://www.blibli.com/merchant/realme-smartphone/REO-60043?_branch_match_id=1242258736294847751&utm_source=Web&utm_campaign=Merchant%20Share&utm_medium=Share&_branch_referrer=H4sIAAAAAAAAA8soKSkottLXT8rJBCK9xIICvZzMvGx9kyIDw1AP4xRnlyQA7LLgAyMAAAA%3D&pickupPointCode=PP-3060681"
"Blibli","realme-official-store","realme Official Store","https://www.blibli.com/brand/realme-official-store"
"Blibli","RIA-60045","Rinnai Official Store","https://www.blibli.com/merchant/rinnai-official-store/RIA-60045"
"Blibli","ROO-60046","Rohto Official Store","https://www.blibli.com/merchant/rohto-official-store/ROO-60046"
"Blibli","ROA-70106","Rose All Day Cosmetics Official Store","https://www.blibli.com/merchant/rose-all-day-cosmetics-official-store/ROA-70106"
"Blibli","RUH-60024","RUSSELL HOBBS INDONESIA Official Store","https://www.blibli.com/merchant/russell-hobbs-indonesia-official-store/RUH-60024"
"Blibli","SAC-70080","SAFF & Co. Official Store","https://www.blibli.com/merchant/saff-co-official-store/SAC-70080"
"Blibli","SAO-60042","Safi Official Store","https://www.blibli.com/merchant/safi-official-store/SAO-60042"
"Blibli","SAO-70220","Sanex Official Store","https://www.blibli.com/merchant/sanex-official-store/SAO-70220"
"Blibli","SAB-70263","Satto Beauty Official Store","https://www.blibli.com/merchant/satto-beauty-official-store/SAB-70263"
"Blibli","SAE-28670","Satu Elektronik Official Store","https://www.blibli.com/merchant/satu-elektronik-official-store/SAE-28670"
"Blibli","SED-60042","Sebamed  Official Store","https://www.blibli.com/merchant/sebamed-official-store/SED-60042"
"Blibli","SEE-70161","Secondate Official Store","https://www.blibli.com/merchant/secondate-official-store/SEE-70161"
"Blibli","SEM-60055","Sehati Online","https://www.blibli.com/merchant/sehati-online/SEM-60055"
"Blibli","SEI-19024","Sekai","https://www.blibli.com/merchant/sekai/SEI-19024"
"Blibli","SEI-70172","Senka By FineToday Official Store","https://www.blibli.com/merchant/senka-by-finetoday-official-store/SEI-70172"
"Blibli","SEB-60031","Sensatia Botanicals Official Store","https://www.blibli.com/merchant/sensatia-botanicals-official-store/SEB-60031"
"Blibli","SEO-70126","SENUS  Official Store","https://www.blibli.com/merchant/senus-official-store/SEO-70126"
"Blibli","SHI-70078","SHRD Indonesia Official Store","https://www.blibli.com/merchant/shrd-indonesia-official-store/SHI-70078"
"Blibli","SIA-36682","SINAR AGUNG ELECTRONIC Official Store","https://www.blibli.com/merchant/sinar-agung-electronic-official-store/SIA-36682"
"Blibli","SIA-48886","SINAR AGUNG ELEKTRONIK FBB Official Store","https://www.blibli.com/merchant/sinar-agung-elektronik-fbb-official-store/SIA-48886"
"Blibli","SOC-60032","SONY Center Jakarta","https://www.blibli.com/merchant/sony-center-pt-anekasakti-official-store/SOC-60032"
"Blibli","STI-60047","St Ives Official Store","https://www.blibli.com/merchant/st-ives-official-store/STI-60047"
"Blibli","STO-70005","Starco","https://www.blibli.com/merchant/starco/STO-70005"
"Blibli","STE-60029","STRUMART ELEKTRONIK Official Store","https://www.blibli.com/merchant/strumart-elektronik-official-store/STE-60029"
"Blibli","SUO-70156","Sulwhasoo Official Store","https://www.blibli.com/merchant/sulwhasoo-official-store/SUO-70156"
"Blibli","SUE-60039","SUPREME ELECTRONIC Official Store","https://www.blibli.com/merchant/supreme-electronic-official-store/SUE-60039"
"Blibli","TAO-70100","Taffware Official Store","https://www.blibli.com/merchant/taffware-official-store/TAO-70100"
"Blibli","TAS-70308","Tanskin","https://www.blibli.com/merchant/tanskin/TAS-70308"
"Blibli","TEA-70148","TECNO Official Store","https://www.blibli.com/merchant/tecno-official-store/TEA-70148?pickupPointCode=PP-3510228&fbbActivated=false"
"Blibli","TEO-60051","Tefal Official Store","https://www.blibli.com/merchant/tefal-official-store/TEO-60051"
"Blibli","TEB-70100","Teratu Beauty Official Store","https://www.blibli.com/merchant/teratu-beauty-official-store/TEB-70100"
"Blibli","TEI-60025","TESCOM INDONESIA Official Store","https://www.blibli.com/merchant/tescom-indonesia-official-store/TEI-60025"
"Blibli","AUS-70164","The Aubree Official Store","https://www.blibli.com/merchant/the-aubree-official-store/AUS-70164"
"Blibli","THB-60026","The Body Shop Official Store","https://www.blibli.com/merchant/the-body-shop-official-store/THB-60026"
"Blibli","THW-60023","The Wet Brush Official Store","https://www.blibli.com/merchant/the-wet-brush-official-store/THW-60023"
"Blibli","THO-70064","Theraskin Official Store","https://www.blibli.com/merchant/theraskin-official-store/THO-70064"
"Blibli","TII-70011","Tineco Indonesia Official Store","https://www.blibli.com/merchant/tineco-indonesia-official-store/TII-70011"
"Blibli","TOU-17127","TOKUNIKU Official Store","https://www.blibli.com/merchant/tokuniku-official-store/TOU-17127"
"Blibli","TOE-70375","Toshiba Electronics Official Store","https://www.blibli.com/merchant/toshiba-electronics-official-store/TOE-70375"
"Blibli","TRE-60045","Trijaya Elektronik Official Store","https://www.blibli.com/merchant/trijaya-elektronik-official-store/TRE-60045?pickupPointCode=ALL_LOCATIONS"
"Blibli","TUI-70000","Turbo Indonesia Official Store","https://www.blibli.com/merchant/turbo-indonesia-official-store/TUI-70000"
"Blibli","UMA-60268","Umeda Official Store","https://www.blibli.com/merchant/umeda-official-store/UMA-60268"
"Blibli","UNC-47363","Uni Charm Official Store","https://www.blibli.com/merchant/uni-charm-official-store/UNC-47363"
"Blibli","UNP-10819","Unilever Store Official Store","https://www.blibli.com/merchant/unilever-store-official-store/UNP-10819"
"Blibli","UPB-60024","Upmost Beaute Official Store","https://www.blibli.com/merchant/upmost-beaute-official-store/UPB-60024"
"Blibli","VAO-60042","Varesse Official Store","https://www.blibli.com/merchant/varesse-official-store/VAO-60042"
"Blibli","VEO-60031","Vention Official Store","https://www.blibli.com/merchant/vention-official-store/VEO-60031"
"Blibli","VIB-70050","Vienta Blue Gaz","https://www.blibli.com/merchant/vienta-blue-gaz/VIB-70050"
"Blibli","VOP-70007","Votre Peau Official Store","https://www.blibli.com/merchant/votre-peau-official-store/VOP-70007"
"Blibli","WAS-26793","WAHANA SUPER Official Store","https://www.blibli.com/merchant/wahana-super-official-store/WAS-26793"
"Blibli","WIK-26984","Wings Official Store (Bliblimart)","https://www.blibli.com/merchant/wings-official-store-bliblimart/WIK-26984"
"Blibli","WIS-60102","Wings Official Store (SURABAYA)","https://www.blibli.com/merchant/wings-official-store-surabaya/WIS-60102"
"Blibli","WIG-70014","Winn Gas Official Store","https://www.blibli.com/merchant/winn-gas-official-store/WIG-70014"
"Blibli","XIX-70000","XI XIU Official Store","https://www.blibli.com/merchant/xi-xiu-official-store/XIX-70000"
"Blibli","XIC-70002","Xiaomi - CE Official Store","https://www.blibli.com/merchant/xiaomi-ce-official-store/XIC-70002"
"Blibli","xiaomi-official-store","Xiaomi Official Store","https://www.blibli.com/brand/xiaomi-official-store"
"Blibli","YOM-23926","Yong Ma Official Store","https://www.blibli.com/merchant/yong-ma-official-store/YOM-23926"
"Blibli","YOM-70037","Yong Ma Official Store by Blibli","https://www.blibli.com/merchant/yong-ma-official-store-by-blibli/YOM-70037"
"Blibli","ZOI-70011","Zojirushi Indonesia (Elektrik) Official  Store","https://www.blibli.com/merchant/zojirushi-indonesia-elektrik-official-store/ZOI-70011"
"Blibli","ZOI-45870","ZOJIRUSHI INDONESIA Official Store","https://www.blibli.com/merchant/zojirushi-indonesia-official-store/ZOI-45870"
"Lazada","400597038034","Advance Digitals Store","https://www.lazada.co.id/advance-digitals-store/"
"Lazada","401439440223","Alchemist Fragrance","https://www.lazada.co.id/shop/alchemist-fragrance"
"Lazada","402540720932","Apple Authorised Reseller","https://www.lazada.co.id/shop/apple-authorised-reseller"
"Lazada","400716090367","BLP Beauty Official","https://www.lazada.co.id/shop/blp-by-lizzie-parra"
"Lazada","400596723458","Deerma","https://www.lazada.co.id/shop/deerma/"
"Lazada","403329200840","Electrolux ID","https://www.lazada.co.id/electrolux-id"
"Lazada","401642784762","Finally Found You! Store","https://www.lazada.co.id/shop/finally-found-you-store"
"Lazada","400622523091","Gaabor","https://www.lazada.co.id/shop/gaabor/"
"Lazada","400922144050","Guèle","https://www.lazada.co.id/shop/guele"
"Lazada","401266944751","HMNS Perfume","https://www.lazada.co.id/shop/hmns-perfume"
"Lazada","401085552844","L'OREAL PROFESSIONNEL","https://www.lazada.co.id/shop/l-oreal-professionnel"
"Lazada","1000001045","Lazada Retail Cosmos","https://www.lazada.co.id/shop/cosmos/"
"Lazada","1000001066","Lazada Retail Miyako","https://www.lazada.co.id/shop/lazada-retail-miyako/"
"Lazada","1000001052","Make Over Official","https://www.lazada.co.id/shop/make-over-official"
"Lazada","403449008722","Mykonos Official Store","https://www.lazada.co.id/shop/mykonos-official-store"
"Lazada","400709886045","Rose All Day Cosmetics","https://www.lazada.co.id/shop/rose-all-day"
"Lazada","400750128360","SAFF & Co.","https://www.lazada.co.id/shop/saff-co"
"Lazada","5206","Sekai","https://www.lazada.co.id/shop/sekai/"
"Lazada","401095248458","WarehouseSale Electronics","https://www.lazada.co.id/shop/warehousesale-electronics"
"Shopee","799913351","Acneno Official Store","https://shopee.co.id/acneno_id"
"Shopee","375565670","Adera Official Shop","https://shopee.co.id/aderacosmetic"
"Shopee","86767687","Aeris Beaute Official Shop","https://shopee.co.id/aerisbeaute"
"Shopee","112372548","Airnderm Aesthetic Official Shop","https://shopee.co.id/airin.skin"
"Shopee","406360531","Aish Indonesia Official Shop","https://shopee.co.id/aishofficial_id"
"Shopee","945669460","Aku Ayu Official Shop","https://shopee.co.id/akuayuofficial"
"Shopee","724605317","ALCHEMIST Official Store","https://shopee.co.id/alchemist.fragrance"
"Shopee","392349559","Allglows Official Shop","https://shopee.co.id/allglows"
"Shopee","487184770","Almaz Official Shop","https://shopee.co.id/almazofficialstore"
"Shopee","549589052","Altec Lansing Official Shop","https://shopee.co.id/alteclansingofficial"
"Shopee","722594043","Amei Official Store","https://shopee.co.id/ameiofficial"
"Shopee","276165395","AMTHRA","https://shopee.co.id/amthra"
"Shopee","41110869","AMURA Official Shop","https://shopee.co.id/amuraofficial"
"Shopee","296601125","Anessa Official Store","https://shopee.co.id/anessa.official"
"Shopee","166819866","Angola Official Shop","https://shopee.co.id/angolaofficialstore"
"Shopee","217561848","Aoki Official Shop","https://shopee.co.id/aoki_official_store"
"Shopee","331370112","Apple Flagship Store","https://shopee.co.id/appleflagship"
"Shopee","268493582","Aquila Herb Official","https://shopee.co.id/aquilaherbofficial"
"Shopee","65924030","Armando Caruso Official Shop.","https://shopee.co.id/armandocaruso"
"Shopee","93933822","Artisan Pro Official Shop","https://shopee.co.id/artisanproofficial"
"Shopee","710563344","Audax Official Shop","https://shopee.co.id/audax.indonesia"
"Shopee","1114547794","avalanche.fragrance","https://shopee.co.id/avalanche.fragrance"
"Shopee","16978962","Babyliss Paris Official","https://shopee.co.id/babylissparis.id"
"Shopee","899001669","Baisisi Official Store","https://shopee.co.id/baisisiofficial"
"Shopee","92653300","Banana Boat Official Shop","https://shopee.co.id/bananaboatofficial"
"Shopee","184864609","Barry M Official Store","https://shopee.co.id/barrym_cosmetics"
"Shopee","432318829","Baseus Auto Official Shop","https://shopee.co.id/baseusautolife"
"Shopee","801582857","Beamarry Official Store","https://shopee.co.id/beamarryindonesia"
"Shopee","66336320","Beauvrys Official Shop","https://shopee.co.id/beauvrysofficial"
"Shopee","150031946","Beeme Official Shop","https://shopee.co.id/beeme.official"
"Shopee","190390143","Bening's Official Shop","https://shopee.co.id/benings_clinic"
"Shopee","180415888","Benton Official Shop","https://shopee.co.id/bentonindonesia"
"Shopee","311663567","BG Skin Official Shop","https://shopee.co.id/bg_skin_care"
"Shopee","37421755","BHUMI Official Shop","https://shopee.co.id/bhumiofficial"
"Shopee","297684022","BioaquaCosmetics Official Shop","https://shopee.co.id/bioaquacosmetics"
"Shopee","134089202","Bioderma Official Shop","https://shopee.co.id/biodermaofficialstore"
"Shopee","28803710","Black+Decker Official Shop","https://shopee.co.id/sblackdecker"
"Shopee","204176418","Blackmores Official Shop","https://shopee.co.id/blackmoresofficialshop"
"Shopee","945003479","Bleme Official Store","https://shopee.co.id/officialbleme"
"Shopee","127651884","BLP Official Store","https://shopee.co.id/blpbeauty"
"Shopee","446580670","BluMaan Official Shop","https://shopee.co.id/blumaanofficial"
"Shopee","19247300","Bonvie Official Shop","https://shopee.co.id/bonvie.id"
"Shopee","15226070","Bosch Official Store","https://shopee.co.id/boschpowertools.id"
"Shopee","279203688","BOYA Official Shop","https://shopee.co.id/boya_official_shop"
"Shopee","168925122","Brasov Official Shop","https://shopee.co.id/brasovofficial"
"Shopee","324706771","BREYLEE Indonesia Official Shop","https://shopee.co.id/breyleeindonesia"
"Shopee","6490430","Bromen Official Shop","https://shopee.co.id/bromen.id"
"Shopee","586831521","Byzoe Indonesia Official Shop","https://shopee.co.id/byzoeofficial"
"Shopee","683466208","Candi Elektronik Official Shop","https://shopee.co.id/candielektronikofficial"
"Shopee","754339169","Canel & Co Authorized Store Surabaya","https://shopee.co.id/canelco_sby"
"Shopee","138007483","Canel & Co Official Shop","https://shopee.co.id/canel_co"
"Shopee","225008112","Captain Men's Care Official","https://shopee.co.id/captainmenscare"
"Shopee","1024397373","Carasun Official Store","https://shopee.co.id/carasun.id"
"Shopee","268430688","CAVE Official Shop","https://shopee.co.id/cave.official"
"Shopee","283001143","CBD Official Shop","https://shopee.co.id/cbdprofessional"
"Shopee","1108744801","CeraVe Official Store","https://shopee.co.id/ceraveindonesia"
"Shopee","308071195","Chaiza Official Store","https://shopee.co.id/chaizaofficial.id"
"Shopee","40142086","CHIEF OFFICIAL STORE","https://shopee.co.id/chief.company"
"Shopee","215119251","Cleora Beauty Official Shop","https://shopee.co.id/cleorabeauty"
"Shopee","130532371","Click House Official Shop","https://shopee.co.id/myclickhouse"
"Shopee","698697071","Clio Official Shop","https://shopee.co.id/clioindonesia"
"Shopee","73424206","Colab Dry Shampoo Official Shop","https://shopee.co.id/colabdryshampoo"
"Shopee","19351258","Colgate Palmolive Official Shop","https://shopee.co.id/colgate_palmolive_official"
"Shopee","348245710","Corine de Farme Official Shop","https://shopee.co.id/corinedefarme.id"
"Shopee","141157797","CoverMake Official","https://shopee.co.id/covermakeofficial"
"Shopee","63696896","CUCKOO Indonesia","https://shopee.co.id/cuckooindonesia"
"Shopee","25224721","Cultusia Beauty Official Shop","https://shopee.co.id/cultusiabeautystore"
"Shopee","1208684630","Curcuma Plus Official Store","https://shopee.co.id/curcumaplusofficialstore"
"Shopee","98700411","Cypruz Kitchenware","https://shopee.co.id/cypruz.kitchenware"
"Shopee","69409544","Daeng Gi Meo Ri Official Shop","https://shopee.co.id/missmrkbeauty"
"Shopee","73390282","Dancoly Official Shop","https://shopee.co.id/dancoly"
"Shopee","235557768","Deerma Official Shop","https://shopee.co.id/deermaofficialshop"
"Shopee","244423366","Delizia Official Shop","https://shopee.co.id/deliziaofficialshop"
"Shopee","57354580","Denara Bali Official Shop","https://shopee.co.id/denaraofficial"
"Shopee","243650388","Derma Express Official Shop","https://shopee.co.id/dermaexpress"
"Shopee","260681089","Dermies Official Store","https://shopee.co.id/dermiesofficial"
"Shopee","380858313","DNY Skincare Official Store","https://shopee.co.id/dny.skincare.official"
"Shopee","83257757","Dorahomi Official Shop","https://shopee.co.id/dorahomi"
"Shopee","361954782","Dorskin Official Shop","https://shopee.co.id/dorskin"
"Shopee","217277303","Ecohome Indonesia Official Shop","https://shopee.co.id/ecohomeindonesia"
"Shopee","574961929","EIEM BEAUTY Official Shop","https://shopee.co.id/eiem.beauty"
"Shopee","51115741","Electronic by Dikelola Shopee","https://shopee.co.id/electronicbyshopee"
"Shopee","449603663","Embryolisse Official Store","https://shopee.co.id/embryolisse.official"
"Shopee","18732899","Epson Official Store Indonesia","https://shopee.co.id/tokoepson"
"Shopee","21092366","erafone Official Shop","https://shopee.co.id/erafonedotcom"
"Shopee","129153987","ERHASTORE OFFICIAL","https://shopee.co.id/erhaofficialstore"
"Shopee","96907343","ERTO`S Official Shop","https://shopee.co.id/ertosofficialshop"
"Shopee","731087422","Etre Parfums","https://shopee.co.id/etre.parfums"
"Shopee","593638616","Etude Official Shop","https://shopee.co.id/etudeofficial"
"Shopee","200766350","Everpure Official Shop","https://shopee.co.id/everpure"
"Shopee","809537822","Exoticon Official Store","https://shopee.co.id/exoticonsoftlensofficial"
"Shopee","87192521","Extica Official Shop","https://shopee.co.id/exticacosmetic"
"Shopee","3990192","Fabil Natural Official","https://shopee.co.id/fabilofficialstore"
"Shopee","12057760","Fanbo Cosmetics Official Store","https://shopee.co.id/fanbocosmetics"
"Shopee","831347198","Feali Official Shop","https://shopee.co.id/fealiofficialstore"
"Shopee","856580029","Finally Found You Official Store","https://shopee.co.id/finallyfoundyou.id"
"Shopee","283260334","Flimty Official Shop","https://shopee.co.id/flimtyofficialshop"
"Shopee","137482106","Flormar ID Official Shop","https://shopee.co.id/flormarindonesia"
"Shopee","881910562","Focalskin Official Store","https://shopee.co.id/focalskin.id"
"Shopee","1211407754","Forsol Perfumes","https://shopee.co.id/forsol.official"
"Shopee","230521434","Fotile Official Shop","https://shopee.co.id/fotile.officialshop"
"Shopee","161233109","freemir Official Shop","https://shopee.co.id/freemirofficial"
"Shopee","813347826","G-UANS Official Store","https://shopee.co.id/guansofficial"
"Shopee","510291426","Gaabor Official Shop","https://shopee.co.id/gaaborofficialshop"
"Shopee","106003010","GEA Baby Official Shop","https://shopee.co.id/geababy"
"Shopee","6819399","GEA Medical Official Shop","https://shopee.co.id/geamedical"
"Shopee","68744641","GENETRIX Official Shop","https://shopee.co.id/genetrixofficial"
"Shopee","550142820","GENTLY Official Store","https://shopee.co.id/gentlyindonesia"
"Shopee","87193426","GLAMPALM OFFICIAL SHOP","https://shopee.co.id/glampalm_official"
"Shopee","59561693","Glosa Skin Official Shop","https://shopee.co.id/glosaskin"
"Shopee","206769167","GLOSKIN By DNM Official Shop","https://shopee.co.id/gloskin.official"
"Shopee","1090519749","GM Bear Authorized Store Surabaya","https://shopee.co.id/gmbearsurabaya"
"Shopee","149205613","GM Bear Official Shop","https://shopee.co.id/gm_bear"
"Shopee","73266191","Godrej Indonesia Official Shop","https://shopee.co.id/godrejindonesia"
"Shopee","216921952","GOTO Authorized Store","https://shopee.co.id/gotoindonesia"
"Shopee","8459024","Goto Living","https://shopee.co.id/gotoliving"
"Shopee","186214521","Guardian Official Shop","https://shopee.co.id/guardianofficial"
"Shopee","224534553","H Mart Official Shop","https://shopee.co.id/hmart.id"
"Shopee","259914613","H&H Skin Official Shop","https://shopee.co.id/dr.kamila_hnhskincare"
"Shopee","119784246","Hairnerds Pro Official Shop","https://shopee.co.id/hairnerds.professional"
"Shopee","49865770","Han River Authorized Store Surabaya","https://shopee.co.id/hanriver.surabaya"
"Shopee","300470793","Han River Personal Care Official Shop","https://shopee.co.id/han_river_personalcare"
"Shopee","26944218","Haple Official Shop","https://shopee.co.id/haple.id"
"Shopee","259299079","Happycall Official Shop","https://shopee.co.id/happycallindonesia"
"Shopee","8076053","Haquhara Official Store","https://shopee.co.id/hara.makeupstore"
"Shopee","261507182","Heimish Official Shop","https://shopee.co.id/heimishindonesia"
"Shopee","582058713","Hello Citizens of The World","https://shopee.co.id/hellocitizensoftheworld"
"Shopee","181776360","HerBaay Official Store","https://shopee.co.id/herbaay_official_store"
"Shopee","186277099","Herbaay_Indonesia_Official","https://shopee.co.id/marvilo.official.store"
"Shopee","27997366","Hi-Cook Official Shop","https://shopee.co.id/hicook_official"
"Shopee","118965385","Himalaya Official Shop","https://shopee.co.id/himalayaofficial"
"Shopee","1386988554","HINDSIGHT","https://shopee.co.id/hindsight.id"
"Shopee","190339326","HMNS Official Shop","https://shopee.co.id/hmnsperfume"
"Shopee","18856010","Holika Holika Indonesia Official Store","https://shopee.co.id/holikaholika_id"
"Shopee","1044308999","Home.Success","https://shopee.co.id/homesuccess"
"Shopee","41015851","Idealife Online Official Shop","https://shopee.co.id/idealifeofficial"
"Shopee","161143541","Imboost Official Shop","https://shopee.co.id/imboostofficial"
"Shopee","4706308","Indoganic Beauty Official Shop","https://shopee.co.id/indoganic"
"Shopee","15570835","Indonesia Wacoal Official Shop","https://shopee.co.id/wacoal.id"
"Shopee","727789824","Inez Authorized Store Malang","https://shopee.co.id/inezofficialshop.malang"
"Shopee","727769933","Inez Authorized Store Medan","https://shopee.co.id/inezofficialshop.medan"
"Shopee","42019505","INGLOT OFFICIAL STORE","https://shopee.co.id/inglotofficialstore"
"Shopee","126622653","IOMI Beauty Official Shop","https://shopee.co.id/iomibeauty"
"Shopee","570849887","ISWHITE Official Shop","https://shopee.co.id/iswhite.official"
"Shopee","6640029","JACO TV Shopping Official Shop","https://shopee.co.id/jacotvs"
"Shopee","40861383","Jarte Beauty Official Shop","https://shopee.co.id/jartebeauty"
"Shopee","690625469","JCALLY Official Shop","https://shopee.co.id/jcallyaudiostore"
"Shopee","348468567","Jiera Official Shop","https://shopee.co.id/jieraofficial"
"Shopee","582056508","Jimmy Indonesia Official Shop","https://shopee.co.id/jimmy.indonesia"
"Shopee","50708029","Johnson & Johnson Official Shop","https://shopee.co.id/johnsonnjohnson.id"
"Shopee","91204022","Joyseus Official Shop","https://shopee.co.id/joyseusofficial"
"Shopee","698693983","Jumiso Official Shop","https://shopee.co.id/jumisoindonesia"
"Shopee","131426439","Just Miss Official Shop","https://shopee.co.id/justmiss.id"
"Shopee","399386788","Kaleido Official Store","https://shopee.co.id/kaleidobeaute"
"Shopee","11236082","Kangaroo Home Appliance Official Shop","https://shopee.co.id/kangaroo_store"
"Shopee","36092728","Kao Official Shop","https://shopee.co.id/kaoofficial"
"Shopee","17081863","Kay Collection Official Shop","https://shopee.co.id/kaycollectionofficial"
"Shopee","448744631","Kelaya Official Shop","https://shopee.co.id/kelayahairtreatment"
"Shopee","476642624","Kelly Official Shop","https://shopee.co.id/kellycosmeticsofficial"
"Shopee","785271327","KEMEI Authorized Store Jakarta","https://shopee.co.id/kemeiofficialstore"
"Shopee","308595335","Kemiry Organic Official Store","https://shopee.co.id/kemiry_organic"
"Shopee","225698083","Kenwood Kitchen Official Shop","https://shopee.co.id/kenwood.home"
"Shopee","667816486","KÉRASTASE Official Shop","https://shopee.co.id/kerastaseofficialshop"
"Shopee","990632361","Kiehl's Indonesia Official Store","https://shopee.co.id/kiehlsindonesia"
"Shopee","561861397","Kino Hair & Beauty Care","https://shopee.co.id/kinohairandbeautyofficial"
"Shopee","38301814","KINO Official Shop","https://shopee.co.id/kinoofficial"
"Shopee","55056971","Kirin Official Shop","https://shopee.co.id/kirinindonesia"
"Shopee","28713077","KitchenAid Official Shop","https://shopee.co.id/kitchenaid"
"Shopee","59078646","Kleveru Official Shop","https://shopee.co.id/kleveru"
"Shopee","426855236","Kojic Plankton Official Store","https://shopee.co.id/kojicplankton_official"
"Shopee","258445295","Kojie San Indonesia Official Shop","https://shopee.co.id/kojiesan.indonesia"
"Shopee","105297385","KOSE Official Store","https://shopee.co.id/koseofficial"
"Shopee","182588931","Krisbow Official Shop","https://shopee.co.id/krisbowofficialshop"
"Shopee","351746833","Kundal Official Shop","https://shopee.co.id/kundal.id.official"
"Shopee","81252413","Kurumi Official Shop","https://shopee.co.id/kurumiindonesia"
"Shopee","631910469","Kwailnara Official Shop","https://shopee.co.id/kwailnara.official"
"Shopee","380573150","Kyza Official Shop","https://shopee.co.id/kyza.official"
"Shopee","88079439","L'Occitane Official Shop","https://shopee.co.id/loccitaneofficialshop"
"Shopee","212047723","L'Oréal Professionnel Indonesia Official Shop","https://shopee.co.id/lorealprofessionnelid"
"Shopee","22660385","LA Girl Indonesia OfficialShop","https://shopee.co.id/lagirlindonesia"
"Shopee","131133483","La Tulipe Official Shop","https://shopee.co.id/latulipeofficial"
"Shopee","302202503","La'dor Official Shop","https://shopee.co.id/lador_id"
"Shopee","811333308","Lab on Hair Official Store","https://shopee.co.id/labonhair.id"
"Shopee","239106143","Lacoco En Nature Official Store","https://shopee.co.id/lacocoennatureofficialshop"
"Shopee","228896111","Lae Sa Luay Official Shop","https://shopee.co.id/laesaluayindonesia"
"Shopee","557601719","LAHOME Official Shop","https://shopee.co.id/lahomeofficial"
"Shopee","902593276","Laifen Official Store","https://shopee.co.id/laifenofficial"
"Shopee","397732085","LANBENA IndonesiaOfficial Shop","https://shopee.co.id/lanbenaindonesia"
"Shopee","73181325","Lavees Cosmedics Official Shop","https://shopee.co.id/laveesbeauty"
"Shopee","13192620","LocknLock Indonesia Official Store","https://shopee.co.id/locknlock.id"
"Shopee","109830931","LOG IN MEGASTORE Official Shop","https://shopee.co.id/loginmegastore"
"Shopee","897656301","Lomira Official Shop","https://shopee.co.id/lomira.id"
"Shopee","733471323","Lumecolors Official Shop","https://shopee.co.id/lumecolors.official"
"Shopee","267190835","LYSCA BEAUTY OFFICIAL","https://shopee.co.id/lyscabeautyofficial"
"Shopee","272133868","Mabello Official Shop","https://shopee.co.id/mabello.official"
"Shopee","59474489","Mad For Makeup","https://shopee.co.id/madformakeupofficial"
"Shopee","610215585","MadeVine Official Store","https://shopee.co.id/madevineofficialstore"
"Shopee","539739079","Magefy Official Shop","https://shopee.co.id/magefyofficialshop"
"Shopee","82729224","Mako by Seris Official Shop","https://shopee.co.id/makobyserisofficial"
"Shopee","560827473","Mamaya Official Shop","https://shopee.co.id/mamayaofficialshop"
"Shopee","312989195","Mandom Official Shop","https://shopee.co.id/mandomindonesia"
"Shopee","457921523","Mane 'n Tail Official Store","https://shopee.co.id/manentail.id"
"Shopee","180488924","Marshwillow Official Shop","https://shopee.co.id/marshwillow.official"
"Shopee","34904037","Martha Tilaar Official Shop","https://shopee.co.id/marthatilaarshop"
"Shopee","275920301","Masami Official Shop","https://shopee.co.id/masamiofficial"
"Shopee","115531426","Matrix Indonesia Official Store","https://shopee.co.id/matrixindonesia"
"Shopee","20296128","Maxim Official Store","https://shopee.co.id/maxim.officialstore"
"Shopee","400752336072","Maybelline","https://www.lazada.co.id/shop/maybelline"
"Shopee","780745682","Mbappe Official Shop","https://shopee.co.id/mbappeofficialshop"
"Shopee","423676707","Mecoo Official Shop","https://shopee.co.id/mecoo.id"
"Shopee","958345112","Mediheal Official Store","https://shopee.co.id/medihealofficialindonesia"
"Shopee","645548861","Midea Authorized Store","https://shopee.co.id/midea.os.jabar"
"Shopee","90105221","MIISOO Authorized Store Jakarta","https://shopee.co.id/miisoo.jakarta"
"Shopee","397344509","Mine Perfumery Official Store","https://shopee.co.id/mineperfumeryofficial"
"Shopee","255757415","Miniso Beauty Official Shop","https://shopee.co.id/minisobeauty"
"Shopee","311304946","Miranda Official Shop","https://shopee.co.id/mirandahaircare"
"Shopee","893470675","mise en scène Official Store","https://shopee.co.id/miseensceneofficial"
"Shopee","332381969","Miss Daisy Official Shop","https://shopee.co.id/missdaisyindonesia"
"Shopee","190798087","Miss Rose Official Shop","https://shopee.co.id/missrose_officialshop"
"Shopee","37557990","Missha Indonesia Official Shop","https://shopee.co.id/misshaid"
"Shopee","393880992","Mitsubishi Official Shop","https://shopee.co.id/mitsubishiheavyindustries"
"Shopee","1234036402","MIUShop Official Store","https://shopee.co.id/miushopbabyofficial"
"Shopee","717963255","Miyako Cookware Official Shop","https://shopee.co.id/miyako_cookware_official_shop"
"Shopee","77534341","Miyako Official Shop","https://shopee.co.id/miyako.official"
"Shopee","228410824","Mizzu Official Shop","https://shopee.co.id/mizzucosmetics"
"Shopee","76793963","Moko Moko Official Shop","https://shopee.co.id/mokomokoofficial"
"Shopee","288588702","My Skin But Better Official Shop","https://shopee.co.id/myskinbutbetter"
"Shopee","24413460","MyHartono Official Shop","https://shopee.co.id/myhartono"
"Shopee","1192250831","MyHartono Tech Zone","https://shopee.co.id/myhartono.techzone"
"Shopee","573738517","Myiwe Beauty Official Shop","https://shopee.co.id/myiwe"
"Shopee","238379974","Nacific Cosmetics Official Shop","https://shopee.co.id/nacificcosmeticsofficial"
"Shopee","115785854","Nakamichi Karaoke Official Shop","https://shopee.co.id/nakamichi.official"
"Shopee","389941587","NAMA Beauty Official Shop","https://shopee.co.id/namabeauty"
"Shopee","417923683","Nanjiren Official Shop","https://shopee.co.id/nanjirenofficial"
"Shopee","3467975","Nankai Tools Official Shop","https://shopee.co.id/nankai"
"Shopee","40121814","Natasha Skincare Official","https://shopee.co.id/natashaskin"
"Shopee","38631574","Natur Official Store","https://shopee.co.id/backtonatur"
"Shopee","888989666","Naturally Speaking Official Shop","https://shopee.co.id/naturallyspeaking"
"Shopee","78838801","NATURE REPUBLIC OFFICIAL","https://shopee.co.id/naturerepublicofficialstore"
"Shopee","542763431","Neozen Official Shop","https://shopee.co.id/neozen.indonesia"
"Shopee","3714573","Newlab Official Store","https://shopee.co.id/newlab.id"
"Shopee","52463055","Newstyle Official Store","https://shopee.co.id/newstyleindo"
"Shopee","43256546","Niko Official Shop","https://shopee.co.id/niko_official_store"
"Shopee","340006977","No Bad Hair Official Shop","https://shopee.co.id/nobadhair"
"Shopee","10339663","Noera By Reisha Official Shop","https://shopee.co.id/noerabeautycare"
"Shopee","1251506611","Normal Estate","https://shopee.co.id/normalestate"
"Shopee","996306726","Noroid Official Store","https://shopee.co.id/noroidofficial"
"Shopee","1196621971","Nostalgy  Perfume Official","https://shopee.co.id/nostalgy_perfume_official"
"Shopee","319139910","Notale Official Shop","https://shopee.co.id/notale.official"
"Shopee","115276607","Npure Official Shop","https://shopee.co.id/npureofficialshop"
"Shopee","899151156","Nubiko Official Store","https://shopee.co.id/nubiko.id"
"Shopee","1191619422","Nurilab Official Shop","https://shopee.co.id/nurilab.store"
"Shopee","143524511","Nutribullet Official Shop","https://shopee.co.id/nutribulletindonesia"
"Shopee","285049074","NVMEE Official Shop","https://shopee.co.id/nvmee.id"
"Shopee","109798849","NYK Official Shop","https://shopee.co.id/nykofficial"
"Shopee","81829676","O'sweet Singapore Official Shop","https://shopee.co.id/osweetsingapore"
"Shopee","478082177","Oasea Official Shop","https://shopee.co.id/oaseaofficial"
"Shopee","2315394","Oemah Herborist Official Shop","https://shopee.co.id/oemahherborist"
"Shopee","519418371","OGX Indonesia Official Shop","https://shopee.co.id/ogxindonesia"
"Shopee","310062072","Olike Home Official Shop","https://shopee.co.id/olikehome.id"
"Shopee","1203076740","Olmorva Fragrance House","https://shopee.co.id/olmorva"
"Shopee","62539095","Onix Official Shop","https://shopee.co.id/onixgadget"
"Shopee","1082379691","ORSAR Fragrances","https://shopee.co.id/orsarfragrances"
"Shopee","302036739","Oxo Warehouse Official Shop","https://shopee.co.id/oxo_warehouse"
"Shopee","376467075","Oxynic Official Shop","https://shopee.co.id/oxynic"
"Shopee","11487927","P&G Official Store","https://shopee.co.id/pgofficialstore"
"Shopee","975494574","Pawprints Official Store","https://shopee.co.id/pawprints_official"
"Shopee","317040139","Pensonic Indonesia Official Shop","https://shopee.co.id/pensonicindonesia"
"Shopee","173173278","Peripera Official Shop","https://shopee.co.id/periperaofficialstore"
"Shopee","84164586","Pero Indonesia","https://shopee.co.id/peroindonesia"
"Shopee","1098817659","Personal Chemistry","https://shopee.co.id/personalchemistry"
"Shopee","1055675213","Pertamina Lubricants Official Store","https://shopee.co.id/pertamina.lubricants"
"Shopee","627064403","Peterson's Lab Official Shop","https://shopee.co.id/petersonslab"
"Shopee","702955884","Philips Dispenser Official Shop","https://shopee.co.id/philipsdispenser"
"Shopee","22841291","Philips e-Store","https://shopee.co.id/philips"
"Shopee","287526309","Philips Moto Official Shop","https://shopee.co.id/philips.moto"
"Shopee","651735813","Philips Personal Care Official Shop","https://shopee.co.id/philipspersonalcareofficial"
"Shopee","475234519","Pikaru Official Store","https://shopee.co.id/pikaru.store"
"Shopee","83526713","Pisces Electronics Official Shop","https://shopee.co.id/pisceselectronics"
"Shopee","187448784","PnP Beauty Official Shop","https://shopee.co.id/pnp_beauty"
"Shopee","832362926","Polynia Official Shop","https://shopee.co.id/polynia.id"
"Shopee","63052261","Polytron Mobile Official Shop","https://shopee.co.id/polytron.mobile"
"Shopee","4653641","Poupeepou Official Shop","https://shopee.co.id/poupeepouofficial"
"Shopee","156582062","Precious Skin Official Shop","https://shopee.co.id/preciouswhite_id"
"Shopee","237204571","Premiere Beaute Official Store","https://shopee.co.id/premiere.beaute"
"Shopee","200048291","Prettywell Official Shop","https://shopee.co.id/prettywell.co"
"Shopee","729679437","PRISA Official Shop","https://shopee.co.id/beauty.prisa"
"Shopee","82627011","Prodigo Footwear Official Shop","https://shopee.co.id/prodigo"
"Shopee","729616904","Purityfic Vitamin Official","https://shopee.co.id/purityficvitaminofficial"
"Shopee","43724442","Purivera Botanicals Official Shop","https://shopee.co.id/puriverabotanicals"
"Shopee","230888985","Quantum Home Appliances","https://shopee.co.id/quantumofficialshop"
"Shopee","41005244","Raecca Beauty Care Official Shop","https://shopee.co.id/raeccaofficial"
"Shopee","791662571","Raine Beauty Official Shop","https://shopee.co.id/rainebeauty.official"
"Shopee","371781242","Ravelle Official Shop","https://shopee.co.id/ravelleofficial"
"Shopee","873593026","Realme AIOT Official Store","https://shopee.co.id/realmeaiotofficial"
"Shopee","741397434","Realme Authorized Store Jakarta","https://shopee.co.id/realme.jakarta"
"Shopee","188435361","REUZEL OFFICIAL STORE","https://shopee.co.id/reuzel_indonesia"
"Shopee","91054187","Rinnai Official Shop","https://shopee.co.id/rinnai.official"
"Shopee","15093776","Rivera Cosmetics Official Shop","https://shopee.co.id/riveracosmetics"
"Shopee","178244965","Roceo Official Shop","https://shopee.co.id/roceo.id"
"Shopee","78713320","ROHTO Official Shop","https://shopee.co.id/rohtoofficialshop"
"Shopee","87869551","Roro Mendut Skin Official Shop","https://shopee.co.id/pabrikroromendut"
"Shopee","61751874","Rosé All Day Cosmetics Official Shop","https://shopee.co.id/roseallday.co"
"Shopee","1514143715","Royo Panda Toko Resmi","https://shopee.co.id/royopanda"
"Shopee","56710815","Russell Hobbs Official Shop","https://shopee.co.id/russellhobbs"
"Shopee","188915987","Ryoona Official Shop","https://shopee.co.id/ryoona.official"
"Shopee","557506151","Sace Lady Indonesia Official Shop","https://shopee.co.id/saceladyofficial"
"Shopee","65469457","Sades Official Shop","https://shopee.co.id/sades_official_store"
"Shopee","601839604","Saekin Official Store","https://shopee.co.id/saekin_indonesia"
"Shopee","267621044","SAFF & Co. Official Shop","https://shopee.co.id/saffnco"
"Shopee","63823668","Safi Official Shop","https://shopee.co.id/safiofficialstore"
"Shopee","440963114","Samono Official Shop","https://shopee.co.id/samonoindonesia.id"
"Shopee","394937978","Samson Official Shop","https://shopee.co.id/samsontech.id"
"Shopee","709352459","Sanex Official Shop","https://shopee.co.id/sanexofficial"
"Shopee","473370519","SANIYE Official Shop","https://shopee.co.id/saniyepromakeupofficialshop"
"Shopee","443320521","Sansoe Official Store","https://shopee.co.id/sansoe.fragrances"
"Shopee","138164542","Sariayu Martha Tilaar Official Shop","https://shopee.co.id/sariayu_marthatilaar"
"Shopee","667103265","Satto Official Shop","https://shopee.co.id/sattobeautyofficial"
"Shopee","494896079","Satu Keluarga Official Shop","https://shopee.co.id/satukeluarga.official"
"Shopee","945999129","Sawaski Official Store","https://shopee.co.id/sawaski_id"
"Shopee","1167582714","Scentrum","https://shopee.co.id/scentrum"
"Shopee","203983338","Scents OF Pluto","https://shopee.co.id/scentsofpluto"
"Shopee","373749700","Seca Official Shop","https://shopee.co.id/secaskin"
"Shopee","211210479","SECONDATE Official Shop","https://shopee.co.id/secondate"
"Shopee","645480518","Sekai Authorized Store","https://shopee.co.id/sekaibandungofficial"
"Shopee","138850166","Senka Official Shop","https://shopee.co.id/senkaofficial"
"Shopee","39248912","Sensatia Botanicals Official Shop","https://shopee.co.id/sensatiabotanicals"
"Shopee","360888072","Senus Official Shop","https://shopee.co.id/senus.id"
"Shopee","191316346","Setia Mandiri Elektronik Official Shop","https://shopee.co.id/setia.mandiri"
"Shopee","880370364","Sharp Mobile Official Shop","https://shopee.co.id/sharpmobileofficialstore"
"Shopee","240200024","Shinzu'i Official Shop","https://shopee.co.id/shinzuiofficial"
"Shopee","345419471","Shiseido Official Shop","https://shopee.co.id/shiseido.id"
"Shopee","167106407","SHRD Indonesia Official Shop","https://shopee.co.id/shrd.id"
"Shopee","681225299","Simplus Official Shop","https://shopee.co.id/simplusindonesia"
"Shopee","867121153","Skindoze Official Shop","https://shopee.co.id/skindozeofficial"
"Shopee","201349376","Smart Breast Official Store","https://shopee.co.id/smartbreastofficial"
"Shopee","886072089","Smeg Official Shop","https://shopee.co.id/smeg.id"
"Shopee","322976316","Solo River Official Shop","https://shopee.co.id/solo.official"
"Shopee","551624291","SONIFER Official Shop","https://shopee.co.id/sonifer_official_shop"
"Shopee","827924746","Stacey Official Shop","https://shopee.co.id/staceyofficial"
"Shopee","261290422","Starco Official Shop","https://shopee.co.id/starco.official"
"Shopee","1075109634","StudioSable Official Store","https://shopee.co.id/studiosable"
"Shopee","294208250","Subron Official Shop","https://shopee.co.id/subron_official"
"Shopee","274949344","Sulwhasoo Official Shop","https://shopee.co.id/sulwhasooofficialshop"
"Shopee","580275290","Sunsy Beauty Official","https://shopee.co.id/sunsyofficial"
"Shopee","191837023","Supra Official Shop","https://shopee.co.id/supra.id"
"Shopee","29252724","Swissvita Official Shop","https://shopee.co.id/swissvita.id"
"Shopee","150222332","SYB Official Shop","https://shopee.co.id/sybofficial"
"Shopee","395006342","Tanskin Official Store","https://shopee.co.id/tanskin_"
"Shopee","637555425","Tavi Official Shop","https://shopee.co.id/taviofficial"
"Shopee","179066421","Tefal Indonesia Official Shop","https://shopee.co.id/tefal_indonesia"
"Shopee","325653412","Teka Official Shop","https://shopee.co.id/my_teka"
"Shopee","232394743","Teratu Beauty Official Shop","https://shopee.co.id/teratubeauty"
"Shopee","56711283","Tescom Indonesia Official Shop","https://shopee.co.id/tescomindonesia"
"Shopee","28053737","The Body Shop Official","https://shopee.co.id/thebodyshopofficial"
"Shopee","810425168","The Body Tale","https://shopee.co.id/thebodytale"
"Shopee","83349","The Humphrey Life","https://shopee.co.id/thehumphreylife.official"
"Shopee","58386356","The SAEM Official Shop","https://shopee.co.id/thesaem.id"
"Shopee","31852945","The Wet Brush Official Shop","https://shopee.co.id/thewetbrushindonesia"
"Shopee","34671748","THEFACESHOP ID Official Shop","https://shopee.co.id/thefaceshopid"
"Shopee","389432667","Theraskin Official Shop","https://shopee.co.id/theraskinkosmetika"
"Shopee","1425254995","TimePhoria Official Store","https://shopee.co.id/timephoria_id"
"Shopee","371874544","Tineco Indonesia Official Shop","https://shopee.co.id/tinecoindonesia"
"Shopee","804849240","TOA Indonesia Official Shop","https://shopee.co.id/toaidofficialshop"
"Shopee","405941387","Too Cool For School Official Shop","https://shopee.co.id/toocoolforschool_id"
"Shopee","773626494","Torrential Official Shop","https://shopee.co.id/torrentialofficial"
"Shopee","344023672","Truetoskin Official Shop","https://shopee.co.id/truetoskin"
"Shopee","310417610","Trueve Official Shop","https://shopee.co.id/trueve.id"
"Shopee","279873617","TSbali Official Store","https://shopee.co.id/tsbaliofficialstore"
"Shopee","823299536","Tull Jye Authorized Yogyakarta","https://shopee.co.id/tulljye_yogyakarta"
"Shopee","161178916","Tull Jye Official Shop","https://shopee.co.id/tulljye_official"
"Shopee","291368988","Turbo Indonesia Official Store","https://shopee.co.id/turboidofficial"
"Shopee","228695497","Turbo Official Shop","https://shopee.co.id/turboofficial"
"Shopee","230136619","Tzuki Indonesia Official Shop","https://shopee.co.id/tzukiofficial"
"Shopee","29471017","Ufo Elektronika & Furniture Official Shop","https://shopee.co.id/ufoelektronika"
"Shopee","64923059","Ugreen Official Shop","https://shopee.co.id/ugreen.id"
"Shopee","211826477","Umeda Official Shop","https://shopee.co.id/umedalife"
"Shopee","65901744","Unicharm Official Shop","https://shopee.co.id/unicharm.id"
"Shopee","932470899","Unilever Beauty Shop","https://shopee.co.id/unileverbeautyshop"
"Shopee","14318452","Unilever Indonesia Official Shop","https://shopee.co.id/unileverindonesia"
"Shopee","952736619","Unke Naru","https://shopee.co.id/unkenaru"
"Shopee","172410173","Upmost Official Shop","https://shopee.co.id/upmostbeaute"
"Shopee","147307215","Varesse Official Shop","https://shopee.co.id/varesse"
"Shopee","174033775","Venon Official Shop","https://shopee.co.id/venon.official"
"Shopee","270689290","Vention Official Shop","https://shopee.co.id/ventionofficial.id"
"Shopee","41151464","Vicenza Official Store","https://shopee.co.id/tokovicenza"
"Shopee","8463767","Vienna Beauty Official","https://shopee.co.id/viennabeauty"
"Shopee","144528287","ViewSonic Official Shop","https://shopee.co.id/viewsonic.id"
"Shopee","258177560","Viva Cosmetics Authorized Store Bogor","https://shopee.co.id/indocostique.bgr"
"Shopee","255024673","Viva Cosmetics Authorized Store Surabaya","https://shopee.co.id/vivacosmetics.surabaya"
"Shopee","408234900","Vivid & Vogue Official Shop","https://shopee.co.id/vividvogueflagshipstore"
"Shopee","46300234","Votre Peau Official Shop","https://shopee.co.id/votrepeaushop"
"Shopee","11562986","Wet N Wild Indonesia Official Store","https://shopee.co.id/wetnwild.id"
"Shopee","998987707","Weyon Authorized Store","https://shopee.co.id/weyon.indonesia"
"Shopee","64474495","Wings Official Shop","https://shopee.co.id/wingsofficialshop"
"Shopee","43537231","Winn Gas Official Shop","https://shopee.co.id/winngas"
"Shopee","698139625","Wishteria Official Shop","https://shopee.co.id/wishteria_official"
"Shopee","809511921","X2 Official Shop","https://shopee.co.id/x2softlensofficial"
"Shopee","222854973","Xi XiU Official Shop","https://shopee.co.id/xixiuofficial"
"Shopee","170279296","YK DESIGN Official Shop","https://shopee.co.id/ykdesign"
"Shopee","1088410448","YOUBUY Official Store","https://shopee.co.id/youbuyoffical"
"Shopee","98541172","Youvit Official Shop","https://shopee.co.id/youvit"
"Shopee","70687187","Yves Rocher Official Shop","https://shopee.co.id/yvesrocherid"
"Shopee","262049997","Zeppelin Official Shop","https://shopee.co.id/zeppelin.official"
"Shopee","39100034","Zojirushi Indonesia Official Shop","https://shopee.co.id/zojirushi"
"Shopee","20723335","Zoya Cosmetics Official Shop","https://shopee.co.id/zoya.cosmetics"
"Shopee","15996341","Zoya Official","https://shopee.co.id/zoyaplaza.official"
"Tiktok","7494664801529596404","Alchemist Fragrance","aweme://user/profile/7494664801529596404"
"Tiktok","7496156081788128128","APOTEK.HERBAL.INDO","aweme://user/profile/7496156081788128128"
"Tiktok","7494934652887468053","APPLESOLUTION STORE","aweme://user/profile/7494934652887468053"
"Tiktok","7493992966429312847","blpbeauty","aweme://user/profile/7493992966429312847"
"Tiktok","7494557502797679191","Electrolux Store","aweme://user/profile/7494557502797679191"
"Tiktok","7496070861956483263","FFAR.ID","aweme://user/profile/7496070861956483263"
"Tiktok","7494748231736592749","Finally Found You","aweme://user/profile/7494748231736592749"
"Tiktok","7494083756646499400","HMNS Perfume","aweme://user/profile/7494083756646499400"
"Tiktok","7494420619288217834","L'Oreal Paris Indonesia","aweme://user/profile/7494420619288217834"
"Tiktok","7494970495048518154","LenovoIndonesia","aweme://user/profile/7494970495048518154"
"Tiktok","7495640454922996197","LG Electronics ID.","aweme://user/profile/7495640454922996197"
"Tiktok","7493990018399373129","luxcrime_id","aweme://user/profile/7493990018399373129"
"Tiktok","7493992453213750829","Mad For Makeup","aweme://user/profile/7493992453213750829"
"Tiktok","7495160931060647975","Make Over Cosmetics","aweme://user/profile/7495160931060647975"
"Tiktok","7495839951388838734","MIUShop Official Store","aweme://user/profile/7495839951388838734"
"Tiktok","7494083757775750311","My Skin But Better","aweme://user/profile/7494083757775750311"
"Tiktok","7495831962028772347","Nurilab.id","aweme://user/profile/7495831962028772347"
"Tiktok","7496014267007142088","Paseo Hello","aweme://user/profile/7496014267007142088"
"Tiktok","7494656138099657112","Paseo Indonesia","aweme://user/profile/7494656138099657112"
"Tiktok","7495188506495518744","realmeofficialpartner","aweme://user/profile/7495188506495518744"
"Tiktok","7494002318068516091","Rosé All Day Cosmetics","aweme://user/profile/7494002318068516091"
"Tiktok","7496143282929895665","ROYO TISSUE .id","aweme://user/profile/7496143282929895665"
"Tiktok","7494521006737033571","SAFF & Co.","aweme://user/profile/7494521006737033571"
"Tiktok","7493990133372454366","Secondate Beauty","aweme://user/profile/7493990133372454366"
"Tiktok","7495599294203988579","Sharp Electronics Indonesia","aweme://user/profile/7495599294203988579"
"Tiktok","7494083576504026802","Skintificid","aweme://user/profile/7494083576504026802"
"Tiktok","7495660671841437771","TECNO Indonesia Shop","aweme://user/profile/7495660671841437771"
"Tiktok","7494929045128842218","vivoAuthorized Banten","aweme://user/profile/7494929045128842218"
"Tiktok","7493999781643847575","wardahbeautyid","aweme://user/profile/7493999781643847575"
"Tokopedia","11548024","aderacosmetic","https://www.tokopedia.com/aderacosmetic"
"Tokopedia","3951471","Aeris Beaute","https://www.tokopedia.com/aerisbeaute"
"Tokopedia","4936559","airinskin","https://www.tokopedia.com/airinskin"
"Tokopedia","14605644","Aish Official Store","https://www.tokopedia.com/aishofficial"
"Tokopedia","13502595","Alchemist Fragrance","https://www.tokopedia.com/alchemistfragrance"
"Tokopedia","6736890","Alien Objects","https://www.tokopedia.com/alienobjects"
"Tokopedia","11793377","Allglows","https://www.tokopedia.com/allglows"
"Tokopedia","12427109","Altec Lansing Official Store","https://www.tokopedia.com/alteclansing"
"Tokopedia","536249","amac store","https://www.tokopedia.com/amac"
"Tokopedia","7495839867902855573","amthra","https://www.tokopedia.com/amthra"
"Tokopedia","9897651","Amura Official","https://www.tokopedia.com/amuraof"
"Tokopedia","9368166","Anessa Official Store","https://www.tokopedia.com/anessaofficial"
"Tokopedia","7827497","Angola Official Store","https://www.tokopedia.com/angolaofficia"
"Tokopedia","8048771","Aoki Official Store","https://www.tokopedia.com/aoki"
"Tokopedia","1304931","Artisan Pro Official","https://www.tokopedia.com/artisanpro"
"Tokopedia","9908395","Astra-Motor","https://www.tokopedia.com/astramotor"
"Tokopedia","12478552","Audax Official Store","https://www.tokopedia.com/audaxofficial"
"Tokopedia","16687549","Avalanche Fragrance","https://www.tokopedia.com/avalanchefragrance"
"Tokopedia","548390","AVOSKIN BEAUTY JAKARTA","https://www.tokopedia.com/avoskin-jakarta"
"Tokopedia","12245750","Azzura Official Store","https://www.tokopedia.com/azzuraofficials"
"Tokopedia","3781963","Babyliss Paris Official","https://www.tokopedia.com/babylissparisid"
"Tokopedia","1986490","Bahagia Elektronik","https://www.tokopedia.com/b-elektronik"
"Tokopedia","6982534","Barry M Indonesia","https://www.tokopedia.com/barrymindonesia"
"Tokopedia","8647341","Baseus Auto Life","https://www.tokopedia.com/baseusautolife"
"Tokopedia","2588617","BB ELECTRONIC","https://www.tokopedia.com/swis111167"
"Tokopedia","3684060","Beauvrys Official","https://www.tokopedia.com/beauvrys"
"Tokopedia","9784794","BeeMeIndonesia","https://www.tokopedia.com/beemeindonesia"
"Tokopedia","5009736","Belanja Elektronik","https://www.tokopedia.com/beofficialstore"
"Tokopedia","5801208","BELILAGI.CO.ID","https://www.tokopedia.com/belilagicoid"
"Tokopedia","10859207","Bening's Official Store","https://www.tokopedia.com/beningsofficials"
"Tokopedia","14888556","Benings Clinic Indonesia Official","https://www.tokopedia.com/officialbeningsclinic"
"Tokopedia","11448567","Benton Official Indonesia","https://www.tokopedia.com/benton-official-id"
"Tokopedia","6175741","BESTLIFE Official","https://www.tokopedia.com/bestlifeofficial"
"Tokopedia","3076932","BHUMI Official","https://www.tokopedia.com/bhumiofficial"
"Tokopedia","5633468","Bioderma Official Store","https://www.tokopedia.com/biodermaofficial"
"Tokopedia","694931","Biotalk","https://www.tokopedia.com/biotalk"
"Tokopedia","2317582","Black+Decker","https://www.tokopedia.com/black-decker"
"Tokopedia","7195967","Blackmores Wellness","https://www.tokopedia.com/blackmores"
"Tokopedia","2900897","BLP Official Store","https://www.tokopedia.com/blpbeauty"
"Tokopedia","6477733","Bogor Electronic","https://www.tokopedia.com/bogorelectronic"
"Tokopedia","9379046","Bonvie Haircare","https://www.tokopedia.com/bonviehaircare"
"Tokopedia","6759501","Brasov Official","https://www.tokopedia.com/brasovofficialst"
"Tokopedia","9921544","BREYLEE INDONESIA","https://www.tokopedia.com/breyleeindonesia"
"Tokopedia","13847977","Bromen Official Store","https://www.tokopedia.com/bromenofficial"
"Tokopedia","1219266","CANDI ELEKTRONIK","https://www.tokopedia.com/candielektronik"
"Tokopedia","6964959","Captain Men Expert","https://www.tokopedia.com/captainmen"
"Tokopedia","8437855","CARESO","https://www.tokopedia.com/careso"
"Tokopedia","8748591","CAVE Men's Official Shop","https://www.tokopedia.com/cavemensofficial"
"Tokopedia","12688456","CBD Professional","https://www.tokopedia.com/cbdprofessional"
"Tokopedia","2650383","CHIEF OFFICIAL STORE","https://www.tokopedia.com/chief-company"
"Tokopedia","10754090","Cleora Beauty Official Shop","https://www.tokopedia.com/cleorabeautyofficial"
"Tokopedia","13768455","Clio Official Shop","https://www.tokopedia.com/clioofficialshop"
"Tokopedia","3588205","Colab Dry Shampoo","https://www.tokopedia.com/colabdryshampoo"
"Tokopedia","1859196","Colgate Palmolive","https://www.tokopedia.com/colgatepalmolive"
"Tokopedia","10176898","Corine de Farme","https://www.tokopedia.com/corinede"
"Tokopedia","4722193","CUCKOO Indonesia","https://www.tokopedia.com/cuckooindo"
"Tokopedia","5152568","Cultusia Beauty Store","https://www.tokopedia.com/cultusiabeauty"
"Tokopedia","3375064","Cypruz Kitchenware","https://www.tokopedia.com/cypruz-official"
"Tokopedia","7494083466095199816","Dabe Beaute by Bella Shoffie","https://www.tokopedia.com/dabe-beaute-by-bella-shoffie"
"Tokopedia","7494631485781871529","DABE BEAUTE OFFIClAL","https://www.tokopedia.com/dabe-beaute-officlal"
"Tokopedia","5363072","Daeng Gi meo Ri Official","https://www.tokopedia.com/daenggimeoriid"
"Tokopedia","3725871","DANCOLY","https://www.tokopedia.com/dancoly"
"Tokopedia","8009390","DEERMA OFFICIAL STORE ID","https://www.tokopedia.com/deerma"
"Tokopedia","6566094","Departemenelektronik","https://www.tokopedia.com/departemen123"
"Tokopedia","8815867","Derma Express Official","https://www.tokopedia.com/dermaexpressof"
"Tokopedia","8823214","Dermies Official Store","https://www.tokopedia.com/dermies"
"Tokopedia","4011323","DoraHomi","https://www.tokopedia.com/dorahomi"
"Tokopedia","12062569","Dyson Official Shop","https://www.tokopedia.com/dysonofficialshop"
"Tokopedia","399461","E Three Shop","https://www.tokopedia.com/e3shop"
"Tokopedia","7509942","Ecohomeindonesia","https://www.tokopedia.com/ecohomeind"
"Tokopedia","108552","elektropedia","https://www.tokopedia.com/elektropedia"
"Tokopedia","4786360","elvicto.id","https://www.tokopedia.com/elvictomastermen"
"Tokopedia","15726798","Embryolisse Official Store","https://www.tokopedia.com/embryolisse"
"Tokopedia","2449497","Epson Official","https://www.tokopedia.com/epson-official"
"Tokopedia","1269949","erafone","https://www.tokopedia.com/erafone"
"Tokopedia","5564295","ERHASTORE OFFICIAL","https://www.tokopedia.com/erha-store"
"Tokopedia","6091078","Erto's Official Shop","https://www.tokopedia.com/ertos-official"
"Tokopedia","13531082","Etre Parfums","https://www.tokopedia.com/etreparfums"
"Tokopedia","12906295","Etude Indonesia Official","https://www.tokopedia.com/etudeindonesia"
"Tokopedia","7209620","Everpure","https://www.tokopedia.com/everpure"
"Tokopedia","1230459","Everwhite","https://www.tokopedia.com/everwhite"
"Tokopedia","4949727","Extica Official","https://www.tokopedia.com/exticaofficial"
"Tokopedia","13295955","FacetologyOfficial","https://www.tokopedia.com/facetologyoffcial"
"Tokopedia","1594809","Fanbo Cosmetics","https://www.tokopedia.com/fanbocosmetics"
"Tokopedia","14377864","Finally Found You! Official Store","https://www.tokopedia.com/finallyfoundyou"
"Tokopedia","4959493","Flimty Official","https://www.tokopedia.com/flimtyoficial"
"Tokopedia","14811488","Focalskin","https://www.tokopedia.com/focalskin"
"Tokopedia","2388405","FOMAC","https://www.tokopedia.com/fomacstore"
"Tokopedia","17335985","FORSOL Perfumes","https://www.tokopedia.com/forsol"
"Tokopedia","7390760","Fortuna Houseware Jogja","https://www.tokopedia.com/tokofortunajogja"
"Tokopedia","6351101","freemir Official Store","https://www.tokopedia.com/freemirofficial"
"Tokopedia","12745001","Gaabor Official Store","https://www.tokopedia.com/gaabor"
"Tokopedia","8173351","GEA GETRA OFFICIAL","https://www.tokopedia.com/geagetrarsa"
"Tokopedia","3370007","GENETRIX Official","https://www.tokopedia.com/genetrixofficial"
"Tokopedia","13474741","Gently Indonesia","https://www.tokopedia.com/gentlyindonesia"
"Tokopedia","10446531","GLAMFIX OFFICIAL","https://www.tokopedia.com/glamfixofficial"
"Tokopedia","2682792","GLAMPALM INDONESIA","https://www.tokopedia.com/glampalm"
"Tokopedia","14078296","GM Bear Electronic","https://www.tokopedia.com/gm-bear-electronic"
"Tokopedia","7504924","GOTO Indonesia","https://www.tokopedia.com/gotoindonesia"
"Tokopedia","832606","Goto Living","https://www.tokopedia.com/gotoliving"
"Tokopedia","14157922","Grace and Glow Official Shop","https://www.tokopedia.com/graceandglowofficial"
"Tokopedia","3044463","gree official","https://www.tokopedia.com/greeofficial"
"Tokopedia","8417714","Guardian Official Store","https://www.tokopedia.com/guardian-officia"
"Tokopedia","3768395","Hairnerds Professional","https://www.tokopedia.com/hairnerdspro"
"Tokopedia","2328324","Haple","https://www.tokopedia.com/haple"
"Tokopedia","2894180","Haquhara Official","https://www.tokopedia.com/haquhara"
"Tokopedia","15219318","Heimish Indonesia","https://www.tokopedia.com/heimish-in"
"Tokopedia","7496007077727603353","Hello by Paseo Official","https://www.tokopedia.com/hello-by-paseo-official"
"Tokopedia","13394301","Hello Citizens of The World","https://www.tokopedia.com/hellocitizensoftheworld"
"Tokopedia","6873544","HerBaay official Store","https://www.tokopedia.com/herbaayofficial"
"Tokopedia","2320649","Hi-Cook Official","https://www.tokopedia.com/hi-cookofficial"
"Tokopedia","9917252","Himalaya ID Official","https://www.tokopedia.com/himalaya-id"
"Tokopedia","18048645","HINDSIGHT OFFICIAL","https://www.tokopedia.com/hindsight"
"Tokopedia","7494569947138460522","Hisense Indonesia",""
"Tokopedia","6441653","HMNS Perfume","https://www.tokopedia.com/hmnsperfume"
"Tokopedia","2878242","Hock Official Store","https://www.tokopedia.com/hock-official"
"Tokopedia","2194014","Holika Holika Indonesia","https://www.tokopedia.com/holikaholikaid"
"Tokopedia","346307","Home Electro","https://www.tokopedia.com/home-electro"
"Tokopedia","2301966","Honeywell Official Agent","https://www.tokopedia.com/honeywellswh"
"Tokopedia","5949792","Implora Official Store","https://www.tokopedia.com/imploraofficial"
"Tokopedia","1397811","Indoganic","https://www.tokopedia.com/indoganic"
"Tokopedia","2964453","Inez Official Store","https://www.tokopedia.com/inez-official"
"Tokopedia","6178823","INGLOT Official Store","https://www.tokopedia.com/inglotoffical"
"Tokopedia","15329171","Instaperfectofficial","https://www.tokopedia.com/instaperfectofficial"
"Tokopedia","5656420","Iomi Beauty Official","https://www.tokopedia.com/iomibeauty"
"Tokopedia","10632919","ISTANA ELEKTRONIK PALEMBANG","https://www.tokopedia.com/istana-elektronik"
"Tokopedia","13665211","iswhite official","https://www.tokopedia.com/iswhite"
"Tokopedia","1286772","JACO TVS","https://www.tokopedia.com/jacotvs"
"Tokopedia","4619147","Jarte Beauty","https://www.tokopedia.com/jarte"
"Tokopedia","99689","Jawa Electrik","https://www.tokopedia.com/jawaelectrik"
"Tokopedia","11650626","Jiera Official Shop","https://www.tokopedia.com/jieraofficial"
"Tokopedia","12667108","Jimmy Official Indonesia","https://www.tokopedia.com/jimmy-official-indonesia"
"Tokopedia","5453231","Joylab","https://www.tokopedia.com/joylab"
"Tokopedia","296228","JualElektronik","https://www.tokopedia.com/jualelektronik"
"Tokopedia","11021607","Kaleido Beaute","https://www.tokopedia.com/kaleidobeaute"
"Tokopedia","8725845","Kalno","https://www.tokopedia.com/kalno-1"
"Tokopedia","2589222","KAO Official Store","https://www.tokopedia.com/kao"
"Tokopedia","593654","Kay Collection","https://www.tokopedia.com/kay-collection"
"Tokopedia","9547861","Keeo Home","https://www.tokopedia.com/keeohome"
"Tokopedia","14615992","Kelaya Hair Treatment","https://www.tokopedia.com/kelayahairtreatment"
"Tokopedia","15303965","KEMEI OFFICIAL INDONESIA","https://www.tokopedia.com/kemei-official-1"
"Tokopedia","7179605","Kerastase by Irwan Team","https://www.tokopedia.com/irwanteam"
"Tokopedia","8420175","Kerastase by MayMaySalon","https://www.tokopedia.com/maymaysalonoffic"
"Tokopedia","4623394","Kimia Farma Apotek Official Store","https://www.tokopedia.com/kimiafarmaapotekos"
"Tokopedia","10561059","Kino Hair & Beauty Care Official Store","https://www.tokopedia.com/ellips"
"Tokopedia","2230885","Kino Official Store","https://www.tokopedia.com/kinoindonesia"
"Tokopedia","2689884","Kirin","https://www.tokopedia.com/kirin"
"Tokopedia","1963382","KitchenAid Small App ID","https://www.tokopedia.com/kitchenaid-id"
"Tokopedia","3555900","Kleveru Official","https://www.tokopedia.com/kleveru"
"Tokopedia","8382470","Kojiesan Official Store","https://www.tokopedia.com/kojiesanofficial"
"Tokopedia","12169508","Konka Indonesia","https://www.tokopedia.com/konka-indonesia"
"Tokopedia","11605750","Kose Cosmeport Official Store","https://www.tokopedia.com/kosecosmeportofficialsto"
"Tokopedia","11871822","Kose Official Store","https://www.tokopedia.com/koseofficial"
"Tokopedia","8069601","Krisbow Official ID","https://www.tokopedia.com/krisbowid"
"Tokopedia","12732153","Kundal Official","https://www.tokopedia.com/kundalofficial"
"Tokopedia","3745824","Kurumi Indonesia","https://www.tokopedia.com/kurumiindonesia"
"Tokopedia","5952222","L'Occitane Official Shop","https://www.tokopedia.com/loccitaneshop"
"Tokopedia","11104475","L'Oreal Professionnel Official Store","https://www.tokopedia.com/lorealprofessionnel"
"Tokopedia","2224712","LA Girl Indonesia","https://www.tokopedia.com/la-girl"
"Tokopedia","12585846","La Tulipe Cosmetiques","https://www.tokopedia.com/latulipe"
"Tokopedia","16588234","Lab on Hair Official Shop","https://www.tokopedia.com/labonhair"
"Tokopedia","14998070","Lacoco En Nature - Official Shop","https://www.tokopedia.com/lacocoennatureofcshop"
"Tokopedia","10763994","Lae Sa Luay Official Store","https://www.tokopedia.com/laesaluayofficial"
"Tokopedia","14765232","Laifen Official Store","https://www.tokopedia.com/laifen"
"Tokopedia","10997765","LANBENA INDONESIA","https://www.tokopedia.com/lanbena-indonesia"
"Tokopedia","16588846","Lilith and Eve Official Shop","https://www.tokopedia.com/lilithandeve"
"Tokopedia","16279646","Lion Star Official Store","https://www.tokopedia.com/lionstarindonesia"
"Tokopedia","2147991","LocknLock Official","https://www.tokopedia.com/locknlock-id"
"Tokopedia","5233740","Lolane Indonesia","https://www.tokopedia.com/lolane"
"Tokopedia","1668926","Lucyandri Official","https://www.tokopedia.com/lucyandri"
"Tokopedia","13539028","Lumecolors Official Indonesia","https://www.tokopedia.com/lumecolorsofficial"
"Tokopedia","3995160","LumiWhite Official Shop","https://www.tokopedia.com/lumiwhite"
"Tokopedia","8451430","Lysca Beauty Official","https://www.tokopedia.com/lyscabeauty"
"Tokopedia","12344178","Maange Official Store","https://www.tokopedia.com/maangeofficialstore"
"Tokopedia","12839399","Madevine Official","https://www.tokopedia.com/madevineofficial"
"Tokopedia","13421164","Madora Official Shop","https://www.tokopedia.com/madora-official"
"Tokopedia","12356008","Magefy Official Store","https://www.tokopedia.com/magefyofficialstore"
"Tokopedia","9882754","MandomOfficial","https://www.tokopedia.com/mandomofficial"
"Tokopedia","11730077","Mane 'n Tail","https://www.tokopedia.com/manentailid"
"Tokopedia","1256562","Manggala Jaya Elektronik","https://www.tokopedia.com/tokomanggalajaya"
"Tokopedia","7256581","MarshwillowStore","https://www.tokopedia.com/marshwillow-1"
"Tokopedia","2570559","Martha Tilaar Store","https://www.tokopedia.com/marthatilaarshop"
"Tokopedia","11153266","Masami Official Shop","https://www.tokopedia.com/masamiofficial"
"Tokopedia","1906491","Maxim Official Store","https://www.tokopedia.com/maxim"
"Tokopedia","8649022","MEGAH JAYA ELEKTRONIK","https://www.tokopedia.com/mel-8"
"Tokopedia","2437284","Metron Elektronika","https://www.tokopedia.com/tokometron"
"Tokopedia","348147","Miami","https://www.tokopedia.com/miami"
"Tokopedia","1353688","Miisoo Official Shop","https://www.tokopedia.com/miisooid"
"Tokopedia","11785660","Mine. Perfumery","https://www.tokopedia.com/mineperfumery"
"Tokopedia","10389626","Miniso Beauty","https://www.tokopedia.com/minisobeauty"
"Tokopedia","11110842","Miranda Official","https://www.tokopedia.com/mirandahaircare"
"Tokopedia","14839925","mise en scene Official Store","https://www.tokopedia.com/miseensceneofficial"
"Tokopedia","7127686","MISS ROSE OFFICIAL","https://www.tokopedia.com/missroseoff"
"Tokopedia","3171812","Missha Indonesia","https://www.tokopedia.com/missha-official"
"Tokopedia","8287109","Mitsubishi Heavy Ind","https://www.tokopedia.com/mitsubishiheavyi"
"Tokopedia","17431838","MIUShop Official Store","https://www.tokopedia.com/miushop-official-store"
"Tokopedia","2770240","Moko Moko Official","https://www.tokopedia.com/mokomokoofficial"
"Tokopedia","6857643","momami_id","https://www.tokopedia.com/momami-id"
"Tokopedia","14127687","MOP Beauty by Tasya Farasya","https://www.tokopedia.com/mother-of-pearl"
"Tokopedia","1672024","Mustika Ratu","https://www.tokopedia.com/mustika-ratu"
"Tokopedia","13062659","My Skin But Better Official Shop","https://www.tokopedia.com/msbb"
"Tokopedia","2156146","MyHartono","https://www.tokopedia.com/myhartono"
"Tokopedia","13165778","MyHartono Mobile","https://www.tokopedia.com/myhartono-mobile"
"Tokopedia","11930126","MyHartono Tech Zone","https://www.tokopedia.com/techzone"
"Tokopedia","8044023","Nacific Official","https://www.tokopedia.com/nacificofficial"
"Tokopedia","10333549","NAMA Beauty","https://www.tokopedia.com/namabeauty"
"Tokopedia","613543","Nankai Tools","https://www.tokopedia.com/nankaitools"
"Tokopedia","3873395","Natasha Official Store","https://www.tokopedia.com/natasha-skin"
"Tokopedia","552156","Natur","https://www.tokopedia.com/backtonatur"
"Tokopedia","14637220","Naturally Speaking Official","https://www.tokopedia.com/naturally-speaking"
"Tokopedia","2874938","NATURE REPUBLIC OFFICIAL","https://www.tokopedia.com/nature-republic"
"Tokopedia","12367135","NEOZEN INDONESIA","https://www.tokopedia.com/neozen-in"
"Tokopedia","16264108","Neutrogena Official Shop","https://www.tokopedia.com/neutrogena"
"Tokopedia","6044784","Newlab Official Store","https://www.tokopedia.com/newlab"
"Tokopedia","2915287","Newstyle Indonesia","https://www.tokopedia.com/newstyle"
"Tokopedia","2690900","Niko Official Store","https://www.tokopedia.com/niko-official"
"Tokopedia","14638058","Normal Estate","https://www.tokopedia.com/normalestate"
"Tokopedia","11949470","nostalgy perfume","https://www.tokopedia.com/nostalgy"
"Tokopedia","92274","Notale Official Store","https://www.tokopedia.com/notale-official"
"Tokopedia","4161405","NPURE Official","https://www.tokopedia.com/npure"
"Tokopedia","14738543","Nubiko","https://www.tokopedia.com/nubiko"
"Tokopedia","14011841","Nufaceid","https://www.tokopedia.com/nuface"
"Tokopedia","11338563","NUME-Lab Indonesia","https://www.tokopedia.com/nume-labindonesia"
"Tokopedia","5950184","Nutribullet Indonesia","https://www.tokopedia.com/nutribullet"
"Tokopedia","4201810","NYK Nemesis","https://www.tokopedia.com/nyk-official"
"Tokopedia","4622582","O'Sweet Singapore","https://www.tokopedia.com/osweetsingapore"
"Tokopedia","12899881","oaseaofficial","https://www.tokopedia.com/oaseaofficial"
"Tokopedia","718462","Obor-Baru","https://www.tokopedia.com/oborbaru"
"Tokopedia","196729","Oemah Herborist","https://www.tokopedia.com/oemahherborist"
"Tokopedia","3394850","Official Armando Caruso","https://www.tokopedia.com/armandocaruso"
"Tokopedia","7821016","Official Mizzu Cosmetics","https://www.tokopedia.com/mizzucosmetics"
"Tokopedia","12200046","OGX Official Store","https://www.tokopedia.com/ogxofficialstore"
"Tokopedia","8779467","Olike PC","https://www.tokopedia.com/olikepc"
"Tokopedia","17273620","Olmorva Fragrance","https://www.tokopedia.com/olmorva"
"Tokopedia","16379983","ona indonesia","https://www.tokopedia.com/onaindonesia"
"Tokopedia","4458579","Onix Gadget Official","https://www.tokopedia.com/onix-gadget"
"Tokopedia","9040813","OTWOO Indonesia","https://www.tokopedia.com/officialotwoo"
"Tokopedia","5395952","Oxone Official","https://www.tokopedia.com/oxone-official"
"Tokopedia","10235158","Oxynic Official","https://www.tokopedia.com/oxynic"
"Tokopedia","208144","P&G Official Store","https://www.tokopedia.com/pgofficialstore"
"Tokopedia","8440439","Panasonic Home Solution","https://www.tokopedia.com/panasonichome"
"Tokopedia","15506214","Pawprints Official Store","https://www.tokopedia.com/pawprintsofficial"
"Tokopedia","7547735","PERIPERA OFFICIAL","https://www.tokopedia.com/peripera"
"Tokopedia","3260561","Pero Indonesia","https://www.tokopedia.com/pero-indonesia"
"Tokopedia","16512582","Personal Chemistry","https://www.tokopedia.com/personalchemistry"
"Tokopedia","12912905","Peterson's Lab Official Shop","https://www.tokopedia.com/petersonslab"
"Tokopedia","9308333","Philips Moto","https://www.tokopedia.com/philipsmoto"
"Tokopedia","11437826","Philips Official Store","https://www.tokopedia.com/philipsofficialstore"
"Tokopedia","934035","Pigeon Indonesia","https://www.tokopedia.com/pigeonindonesia"
"Tokopedia","3299507","Pisces Electronics","https://www.tokopedia.com/pisces-official"
"Tokopedia","3212442","Polytron Mobile","https://www.tokopedia.com/polytron-mobile"
"Tokopedia","10778669","Precious Skin Official Shop","https://www.tokopedia.com/preciousskinofficial"
"Tokopedia","10810325","Premiere Beaute Official","https://www.tokopedia.com/premiere-beaute-official"
"Tokopedia","3940445","Prodigo Official","https://www.tokopedia.com/prodigo"
"Tokopedia","12232630","Project 1945","https://www.tokopedia.com/project1945"
"Tokopedia","13520508","Purityfic Vitamin Australia Official","https://www.tokopedia.com/purityficvitamin"
"Tokopedia","2718741","PuriveraBotanicals","https://www.tokopedia.com/purivera"
"Tokopedia","5629288","Putra Jaya 88","https://www.tokopedia.com/putrajayajakarta"
"Tokopedia","14583830","Raine Beauty Official Shop","https://www.tokopedia.com/rainebeauty"
"Tokopedia","11395247","Ravelle Official","https://www.tokopedia.com/ravelle"
"Tokopedia","1563679","Rivera Cosmetics","https://www.tokopedia.com/riveracosmetics"
"Tokopedia","3654004","Rohto Official Store","https://www.tokopedia.com/rohto-official-store"
"Tokopedia","2943211","Rosé All Day Cosmetics","https://www.tokopedia.com/rose-all-day"
"Tokopedia","7496143282929895665","ROYO TISSUE .id","https://www.tokopedia.com/royo-tissue-id"
"Tokopedia","2786991","Russell Hobbs Indonesia","https://www.tokopedia.com/russell-hobbs"
"Tokopedia","7952283","ryoona-official","https://www.tokopedia.com/ryoona-official"
"Tokopedia","12773501","Saekin Official","https://www.tokopedia.com/saekinofficial"
"Tokopedia","8724945","SAFF & Co.","https://www.tokopedia.com/saffnco"
"Tokopedia","3446955","Safi Official Store","https://www.tokopedia.com/safiofficial"
"Tokopedia","11592188","SAKA Perfumery","https://www.tokopedia.com/sakaperfume"
"Tokopedia","10819418","SAMONO INDONESIA","https://www.tokopedia.com/samono"
"Tokopedia","13932693","Samson Official Store","https://www.tokopedia.com/samsonofficials"
"Tokopedia","11197219","Sansoe Fragrances","https://www.tokopedia.com/sansoe"
"Tokopedia","5522695","SARIAYU Official Store","https://www.tokopedia.com/sariayuofficial"
"Tokopedia","14230801","Satto Beauty Official Shop","https://www.tokopedia.com/satto-beauty"
"Tokopedia","571669","Satu Elektronik","https://www.tokopedia.com/satu-elektronik"
"Tokopedia","3418847","SCANDIA Indonesia","https://www.tokopedia.com/scandiaindonesia"
"Tokopedia","17741256","Scentrum","https://www.tokopedia.com/scentrum"
"Tokopedia","2104297","Scents of Pluto","https://www.tokopedia.com/scentsofpluto"
"Tokopedia","12418233","SECONDATE Official","https://www.tokopedia.com/secondate"
"Tokopedia","3792921","Senka by FineToday Official","https://www.tokopedia.com/senkaid"
"Tokopedia","3131422","Sensatia Botanicals","https://www.tokopedia.com/sensatia"
"Tokopedia","6586676","SH-RD Indonesia","https://www.tokopedia.com/shrd"
"Tokopedia","9126873","Shinzu'i Official Shop","https://www.tokopedia.com/shinzuiofficial"
"Tokopedia","11330607","SHUMIJapan Official Shop","https://www.tokopedia.com/shumijapan"
"Tokopedia","338061","Simbadda Official","https://www.tokopedia.com/simbadda"
"Tokopedia","13248354","Simplus Official Store","https://www.tokopedia.com/simplus"
"Tokopedia","1371457","sinar agung electronic","https://www.tokopedia.com/verry-lie"
"Tokopedia","14454677","Skindoze Official","https://www.tokopedia.com/skindozeofficial"
"Tokopedia","8606541","SMEG Appliances","https://www.tokopedia.com/smeg"
"Tokopedia","17915339","SMOON INDONESIA","https://www.tokopedia.com/smoonindonesia"
"Tokopedia","6297698","Soho Global Health_NEW","https://www.tokopedia.com/sohoglobalhealth"
"Tokopedia","11296813","Solo River","https://www.tokopedia.com/soloriver"
"Tokopedia","13082190","Sonifer Indonesia","https://www.tokopedia.com/soniferindonesia"
"Tokopedia","16143417","Stacey Official","https://www.tokopedia.com/stacey"
"Tokopedia","8604527","Starco Official Store","https://www.tokopedia.com/starco"
"Tokopedia","16388673","Studio Sable","https://www.tokopedia.com/thestudiosable"
"Tokopedia","9328758","SUBRONOFFICIAL","https://www.tokopedia.com/subronofficial"
"Tokopedia","9360705","Sulwhasoo Official Store","https://www.tokopedia.com/sulwhasoo-offici"
"Tokopedia","12704320","Sunsy official","https://www.tokopedia.com/sunsyofficial"
"Tokopedia","11228756","Suu Balm Official Store","https://www.tokopedia.com/suubalm"
"Tokopedia","2357916","Swissvita Official Shop","https://www.tokopedia.com/swissvitaindonesia"
"Tokopedia","6052513","SYB OFFICIAL","https://www.tokopedia.com/sybofficial"
"Tokopedia","10969083","Tanskin ID","https://www.tokopedia.com/tanskinofficial"
"Tokopedia","12948375","Tavi Official","https://www.tokopedia.com/taviofficial"
"Tokopedia","1837223","Tecnogas Azalea Official","https://www.tokopedia.com/tecnogas-azalea"
"Tokopedia","5487162","Tefal Indonesia Official","https://www.tokopedia.com/tefal"
"Tokopedia","791383","teknikmart","https://www.tokopedia.com/teknikmart"
"Tokopedia","12919362","Teratu Beauty Official Shop","https://www.tokopedia.com/teratubeauty"
"Tokopedia","2661512","TESCOM INDONESIA","https://www.tokopedia.com/tescom"
"Tokopedia","2512187","The Body Shop Indonesia","https://www.tokopedia.com/tbs-official"
"Tokopedia","16193249","The Body Tale","https://www.tokopedia.com/scentrum"
"Tokopedia","2570704","The Face Shop Official","https://www.tokopedia.com/thefaceshop"
"Tokopedia","444436","The Humphrey Life","https://www.tokopedia.com/thehumphreylife"
"Tokopedia","3139428","The Saem Official","https://www.tokopedia.com/thesaemofficial"
"Tokopedia","11496132","The Wet Brush Indonesia","https://www.tokopedia.com/thewetbrushindonesia"
"Tokopedia","10894916","Theraskin Kosmetika","https://www.tokopedia.com/theraskinkosmetika"
"Tokopedia","10600561","Tineco Indonesia","https://www.tokopedia.com/tineco"
"Tokopedia","835909","Tinkiwinki Babytoys","https://www.tokopedia.com/tinkiwinkibaby"
"Tokopedia","14047022","TOA Indonesia Official Store","https://www.tokopedia.com/toa-indonesia-os"
"Tokopedia","3140692","Toko Fameux","https://www.tokopedia.com/tokofameux"
"Tokopedia","154786","TOKO JAWA E.","https://www.tokopedia.com/jawa-e"
"Tokopedia","445194","Toko Sinar 66","https://www.tokopedia.com/sinar66"
"Tokopedia","11109182","Too Cool For School Official","https://www.tokopedia.com/toocoolforschoolindo"
"Tokopedia","2288300","top jaya electronik","https://www.tokopedia.com/lucky-billy"
"Tokopedia","10731090","Trueve Official Shop","https://www.tokopedia.com/trueve"
"Tokopedia","5800180","Tull Jye","https://www.tokopedia.com/tull-jye"
"Tokopedia","8811549","Turbo Indonesia Official","https://www.tokopedia.com/turboidofficial"
"Tokopedia","10836038","Tzukiofficial","https://www.tokopedia.com/tzukiofficial-2"
"Tokopedia","1810008","UFO elektronika","https://www.tokopedia.com/ufoelektronika"
"Tokopedia","2521424","Ultimate Ears Official","https://www.tokopedia.com/ultimate-ears"
"Tokopedia","5370170","UMEDA","https://www.tokopedia.com/umeda"
"Tokopedia","3326823","Unicharm Official Store","https://www.tokopedia.com/unicharm"
"Tokopedia","11871050","Unilever Mall","https://www.tokopedia.com/unilevermall"
"Tokopedia","1854168","Unilever Official Store","https://www.tokopedia.com/unilever"
"Tokopedia","15178813","Unke Naru","https://www.tokopedia.com/unkenaru"
"Tokopedia","7494931768686774776","Unke Naru","https://www.tokopedia.com/unke-naru"
"Tokopedia","6639471","Upmost Beaute","https://www.tokopedia.com/upmostbeaute"
"Tokopedia","239192","UTAMA_ELECTRONIC","https://www.tokopedia.com/utama-electronic"
"Tokopedia","6044067","Varesse","https://www.tokopedia.com/varesse"
"Tokopedia","754299","Vention Indonesia","https://www.tokopedia.com/vention"
"Tokopedia","2747590","Vicenza Official","https://www.tokopedia.com/vicenza-official"
"Tokopedia","11250555","ViewSonic Official Shop","https://www.tokopedia.com/viewsonicofficial"
"Tokopedia","5854397","Votre Peau","https://www.tokopedia.com/votre-peau"
"Tokopedia","2745720","wahanasuperstore","https://www.tokopedia.com/wahanasuperstore"
"Tokopedia","12088146","Welhome Official Store","https://www.tokopedia.com/windonesia-2"
"Tokopedia","2185873","Wet N Wild Official","https://www.tokopedia.com/wetnwild"
"Tokopedia","7179543","Wings Official Store","https://www.tokopedia.com/wingsofficial"
"Tokopedia","762969","WINN GAS","https://www.tokopedia.com/winn-gas"
"Tokopedia","6656481","YK DESIGN OFFICIAL SHOP","https://www.tokopedia.com/ykdesign"
"Tokopedia","4456739","YONG MA Official","https://www.tokopedia.com/yongmaofficial"
"Tokopedia","4498462","Youvit Official","https://www.tokopedia.com/youvitofficial"
"Tokopedia","9705986","Yves Rocher Indonesia","https://www.tokopedia.com/yves-rocher"
"Tokopedia","902680","ZOJIRUSHI ID","https://www.tokopedia.com/zojirushiid"
"Tokopedia","2024035","Zoya","https://www.tokopedia.com/zoya"
"Tokopedia","2127356","Zoya Cosmetics Official","https://www.tokopedia.com/zoya-cosmetics"